path,size_bytes,sha256
.gitattributes,72,3A16D43DDE9E35465098ECCB4AF07CAA3D195556DEF6F4D35385FCD5D46FA54D
.gitignore,909,089724FED0A3C671DF8599E529B66428E1704139CB7B564294479E7AF470ECE8
.zenodo.json,985,AF13BD27129345399D631596D4B064C0CF193B2395C1AB215944E380C39D05F8
CITATION.cff,887,E50AF6C0C261576BF1AAA4F4FDE4A5E241F557306CC7F361C7857934BE7A0216
configs/analysis.yml,386,04C2D3710D50AA6DD188BFCD2681107BE3A53371FABF08AD6B7C3270AE0570E0
configs/datasets.yml,907,DAF60A307ABA28131A62168B2C7E28C2272FA3A342DA5440B9BDA100A094BC05
configs/regions.yml,443,730CBA8D6152D990CE9D49CF3C1DF3AC8935F000E4DF60A2A1D760EF4EBC6F55
DATASETS_AND_LINKS.csv,6430,989DD021D775898DECF0936306B56B581F081E46D2BD40EA204D6C6222595009
environment.yml,415,B86F68E3B235BEDDF062ED81CB3CB6CA28E8A579FC8505369E81128060DBAE91
figures/fig01_mechanism_evidence.pdf,235520,0AD51E774BAC531B038A6D18804E748AC7EE17ADE548F2176CD9E1DFC247C771
figures/fig01_mechanism_evidence.png,1965650,078C32F6FEB49A9D565EE77F2270A4281266BFCCEA1F46F45E20955DB4CF0881
figures/fig01_mechanism_evidence.svg,683925,F69C49CFD2D752E99FACB8078F8E6876DB7F633E677F9A6CFF8AE436B64ADD4A
figures/fig02_five_archive_alignment_boundary.pdf,54835,E1F56A8F36123D0F29F70CE9B70FD2FF7D130A802A038D6E3AF31F46150826A9
figures/fig02_five_archive_alignment_boundary.png,511197,29BC38C2199F1AE3CC7ABE19E357C208DC99BFF6DDAABE9D27214B51512877FC
figures/fig02_five_archive_alignment_boundary.svg,69096,3A069F987C9EC38569D449A917728CA5E973E72E0A2B25EED3B31D5BA9B7D353
figures/fig03_robustness_support_checks.pdf,78304,0D2CF2ADEC371ED32C896E64BD6F87B7697E35604DC1DF17847DB4C12BE8CD27
figures/fig03_robustness_support_checks.png,704720,A2782F86C7DF781058732167C8F393D8B9D768CC16F41F69635DB64072611FA2
figures/fig03_robustness_support_checks.svg,139937,FCD2F764B1BB123F18BF55B1836791CA8D95A366BA08C5AFDEC9246FD15A64E2
figures/fig04_artifact_floor_boundary.pdf,48902,825766C36621033396C0C4636913E0BF8CE3D3FA181D0C996933A9DA59D2289F
figures/fig04_artifact_floor_boundary.png,503509,B3960F10C318D922FFBC7B347C2F376F5F943FAB0CC56073D2B3E7A8E247F06E
figures/fig04_artifact_floor_boundary.svg,54439,7CF150CD80B53E437929DD9FC94FB9EBF16507A32844FE727A67DC8084B5A72E
figures/fig05_multimodel_benchmark.pdf,113341,BB9EF44B8CB01B6E458AEAA37AD45BE398D4BB5B06DDF11BF8CD2B598B96A3F7
figures/fig05_multimodel_benchmark.png,1048486,EF68B2C1AE7613B6C6D30C82FFFF1F2606B3E823CE0BF80038C7B3F55FCAF80E
figures/fig05_multimodel_benchmark.svg,458874,B2B40E41AD7939AD7ECDB6C19718CF837CCA67E3FB43975F5E24A5B4BD61EFA2
figures/final_all_archive_ar1_floor.pdf,25857,F815C6E34E7EAB6A681E76077D3D2E32FD6871CC7B0B048DA4C25CF5618728F6
figures/final_all_archive_ar1_floor.png,164279,0328CF6B20EC093380B7287F9B3E023103429AE261A9588C6C9577FA615F4F0B
figures/final_all_archive_ar1_floor.svg,98199,3A92F04B8193D5708EBC3B90167BD63EE09C04106D6335E56BCF4EDE1DC6BA7B
figures/r33_matched_ar1_ensemble.pdf,37125,4A05EEC506713103567FF36090B2185F39718390081C035D9B46D5532836221F
figures/r33_matched_ar1_ensemble.png,142980,04EF92CFA2FE0ECB5A87DECFC18C21CA6E3C054817F59E13C7C028A931F74002
figures/r33_matched_ar1_ensemble.svg,17276,565D171DAE65E1E443FE499D9EE47F90FDFFFE41D4DF01239FCF24483AFF0377
figures/r36_multiscale_process_family_nulls.pdf,54811,9B3DB7F670EB9F2D065D25ED56FD6F9026343162378A7ED4887973E871813BA4
figures/r36_multiscale_process_family_nulls.png,957065,E9FAD153221DDE845DC90D1E852E4148EEDD3300A800AFD9334837E6F9D997CB
figures/r36_multiscale_process_family_nulls.svg,106382,3CD2FBA57C555A9227FCDBF4A99B00F31AF5AD07FEDC55E4218B1ED41F713938
figures/r37_artifact_floor_boundary.pdf,55874,114ADBBD1B7AE1ADABBB9BB25F2CC13CE7F19F6F92C9AD00BF8AD1DA3431F41E
figures/r37_artifact_floor_boundary.png,542132,64290BF227C69413E3FDB47F77711E7ACCF2EDD31765A7B5379AEA1C7623E626
figures/r37_artifact_floor_boundary.svg,39491,643595845FE4F88EDEFEA9E5B35C61F24ED122FC6A72559E4585EB65CC4013E8
figures/r37_gauge_matched_analytic_nulls.pdf,56469,EF24DB4FDF6E213DB3912B2802100CA7DDF9806D6EEB1B634F360456207FCF49
figures/r37_gauge_matched_analytic_nulls.png,685641,E6599E3CC2E129BFE44655B17554BC346AA3A2147D414DC96B409DC1D8758A84
figures/r37_gauge_matched_analytic_nulls.svg,61466,135411A76F7A119E5ACE8B505626EE35FBE30FA3FF5291F2A1B2FD48B8BF022B
GITHUB_RELEASE_CHECKLIST.md,663,296292A5E5856356700074DF91056E408D1C4322FDD671672BAE76443B8899D7
LICENSE,1093,70D9B6D9B051A834F64AFCD6E1F8DC7433E311832AB2EEEA645B1CB6A436F16D
paper_figures/src/publication_style.py,2936,38A9EAFB763FEBE9771CC57825DE7A06FEC1403F2194986C316494A64CEBBE81
PUBLIC_RELEASE_CONTENTS.md,626,03A49B25ED31C5C2D3376EDAC6BAD8E91AAA7CD1717D587C31AE0BE01C2345AD
pyproject.toml,919,483EDD79D18E24335BDAB465F4C0CD654C0397E5CE0A67D5DF3186E23D5D112E
random_seed_registry.csv,737,48725A4D2F2F1E8EC6930A03355DF8BEC1E23F48E665F392B51343DCF7566C57
README.md,8965,5B29235D9B32BB04DE8876275D4EDB1B6916BFE57EAA7823B6C79A9ED83EB08E
RELEASE_NOTES_R58_HESS.md,627,2DCEECE009AD30731972FA07B780EF3ED216C3A812D004ABCC812690BE612F1A
REPRODUCIBLE_RUNBOOK.md,9729,C8D96AD9F013C962FA4026B7DDD5F25545A40C3F53EAE22FCF0C874DBA4AACB5
scripts/analyze_ar1_conditioned_residual_alignment.py,22756,3E434483C155E468FC110D0DFC2492EFE53CE49D2EA5AED933EC1667EE968A5A
scripts/analyze_bfi_partial_controls.py,8581,1389EEFBF51F6CE189F819AB096B7313155F3C842E92357D89B56F358982EE8C
scripts/analyze_camels_diagnostics.py,13246,D9864B3952C5B5375DCF844D3E02B9DFAFD97A0BA89A9E8130E174C890D665D1
scripts/analyze_convergent_curve_alignment_metric.py,19459,68A0832616E72F3D1EEE83CB535C85277D9CE2530DB324CE1611C96386F3DC33
scripts/analyze_memory_coordinate_attribute_modifiers.py,14351,C7D3B25A9D1C65243D2AD20EC7F75010ABB0277C0E52515AE2E567B3D0692B3F
scripts/analyze_r20_gauge_matched_ar1_residual.py,13008,9F3B67CBD402F6C1DA2EEBCAFCB4A4C6CF06E9EA427446BFC12DE361B5177F89
scripts/analyze_r20_support_matched_sensitivity.py,7665,800FCC5093A8325F024A10224ECC288BE408485668D6DB99FBF2791149254EB1
scripts/analyze_r23_cross_archive_storage_proxy.py,10142,9A5D7805946B4C20D06622EFA845688524851F6702AB889293884C2BFD005154
scripts/analyze_surrogate_precision.py,7618,0B72F28994D706768B3C9A94E229E34719396DDFEE1B35C9754E41032C1318A8
scripts/build_falsification_table.py,6238,75008E62B9764AE5440A90AF426913FA503F10F0A6D6945E546271D98F7A4452
scripts/build_public_reproducibility_release.py,12736,283D35A2F1EB100172AD207C38E43D5113954521BE70F177A78D3A47C74FC585
scripts/compare_alternative_normalizations.py,12061,1C1D14BC13B669CDAFDD9BE4BD69A3A11C58E9B2D497F7702878AE47C93AC933
scripts/compare_camels_us_gb_replication.py,5140,D0033EB99CAA16BBE88AA21C7622285058B16E172FD974085DB43A511A7034C5
scripts/compute_de_collapse_metrics.py,15029,A839E65C9CDA404787D5533340F56358E7DE0882916645C31048115B5976194B
scripts/download_camels_gb_v2.py,7732,21F9314965B0F66A4AFA65572E934B47E6D1747AC7627A73414E76E08E294C5F
scripts/download_first_pass_raw.py,5726,3EC6151C364EEF6E9079B548E301F92EDAA761326F242CA250DB34CACB221DF0
scripts/join_gagesii_attributes.py,9974,D323992319B7E54863B85BD9EE70578218333E66460596D4B9FABDAB560F0AD0
scripts/make_figures.py,14935,E7B4FD6E3E52363780BD79B100FFADF019409DDE6C34C81DEEFE67B9E9D6443F
scripts/make_figures_nature_camels.py,15479,5A578C91FFA8DFE7CA73EBECEF0C6F3890F2A9853DDAEBB84E4AEC242C371619
scripts/make_figures_topjournal.py,10189,F54FA1BA3605B4E89034D8C917C256F1C3C9FF873EF5D0D97E7591E022E08DFD
scripts/make_publication_style_figures.py,39679,69EAB2C4CB2F3B635D19C03D647AB6A8851C265F4E7A31D3C48166ADBE1C4742
scripts/make_r08_synthesis_figure.py,12537,B6E9766A24DC6EA72216CCCE04B96A31083501C58E7AD6ECB046FAB20BDD176A
scripts/make_r11_main_figure_suite.py,30438,D97CC9FBFC322EF62F4AAE35BFDB18ACC3E8A90EE8B216146CDA3E69CE6C4B13
scripts/make_r20_artifact_floor_gate_figure.py,5757,AC615A92B15162FC89C4865E8A10D0FE386DFECB6D1F288D3099C5B71B187163
scripts/make_r23_third_archive_storage_synthesis.py,5939,50534E81F59999C6D12DB7145C273F502A24BA9BCE74C13E2ADB277A77240327
scripts/make_r25_four_archive_synthesis.py,9871,5067702642E1044C2B376942718A9B066E41F7B1DCA5EEB3FF98D6D9D77F1272
scripts/make_r30_mechanism_evidence_mother_figure.py,10198,5AE2B9E5F47D9261749C5396FF3B69AA01903177B9F2CD7EB29C5A297547104C
scripts/make_r35_five_archive_fig2.py,21544,1C1DDAD3A173808DF67E7B99CC317A393C97D1255618C39BBB12259542FA46C6
scripts/make_r35_robustness_fig4.py,9773,8DA589D0AB9582F65715435FBC5649E8AD57FB74193FE8E008FE4E1C65E25F9B
scripts/make_r37_artifact_floor_figure.py,7810,428E29083DCFD16276229161A887F398E4DFA6262263CA989070B7AFB02D8860
scripts/recompute_all.py,6312,62A3888D283B6912D3D377B9CC50A2E6F7A3703871B0B6C5A655000488574124
scripts/run_camels_analysis.py,8863,76C4FB0DAF808B8A9933174B6DD2CB1D8E65689BB50458968AC861A1703AA075
scripts/run_camels_blocked_crossfit_memory_coordinate.py,21325,F363DEA9875AE411BD96FF024F4D79FF4B6660EF644D8A0C819340992F8F234C
scripts/run_camels_crossfit_memory_coordinate.py,27783,5A7958D2442DD3B6ABB016686B75A3A688D4E3DA3519E939A8EE7E2ED9C5CE2D
scripts/run_camels_full.py,12261,57C33B96A330D47FA02685E5113500A6107CBF67CA6CA889E4477E039B77543C
scripts/run_camels_full_parallel.py,8449,4894BF02E915C286619BEE68001D718B3DCC017B42B26340EA7D2C89B5E0FECD
scripts/run_camels_gb_replication.py,21451,4211C7E66F99814643BAA3157B9FEDCC44E964AA88DD601B7394319BE8C4E1AD
scripts/run_camels_psd_estimator_robustness.py,17098,D3EFF058F1365E5B5B59AC3BC6841AAB6AFFD0B31754C69DABE34F4305272EA9
scripts/run_control_random_psd.py,5467,3036086A1EBF64013E966F6CFAD889EA910366CB8F097E4C22FED1A3C9C26765
scripts/run_enhanced_nulls.py,12002,7058A88FAC9CAF69E07ACFB951521F5EBFE5DB355531C1C8796E9287DF2D576A
scripts/run_final_all_archive_ar1_floor.py,8023,7F7AC4350F9269FABB5E5C695A5BA73AE8E0F80D37EE0A6209F10DA4C03AA836
scripts/run_final_extreme_hardening.py,39140,15026C6AB8819D9FC280D5F9FB74644CD3CB129013B0B78481B0BFB02FA1C2D6
scripts/run_final_model_ensemble_hardening.py,25685,7AD25E92A23F912E32794302FE7A8DE89C9C359C4675DCAD04AC9EB678CBAB84
scripts/run_fourier_pair_circularity_baseline.py,13720,C9D5E757913A05762AFA0A978B53701FE3260BE17D963EB901C2D29C727787D4
scripts/run_itslive_glacier_mvp.py,6691,20ADDA7E9F0444CB7BED3E99880D5016C7D7628BBF01050278C508AE0854BD0D
scripts/run_nasa_glc_landslide_mvp.py,6587,24392740ADB5E770F5AFC639AE41085F615EE71FC0E4D2F7F10A2ED4E4731336
scripts/run_nasa_glc_trigger_nulls.py,8026,C06DC285E861D967A4AA1BAC596343A2E889FAC84EA57A3DFB1DB4A44DD73E51
scripts/run_nwis_expanded.py,19711,711A9FAE9181B1769B7BF962379A73970D39B095CA32547B26D7513E8790B991
scripts/run_nwis_memory_scaling.py,9459,8285BB3EDBBC71E3B1428D6969A7B8B9E17807B3B5D5C9A101F05848939CD338
scripts/run_r20_gauge_matched_surrogate_ladder.py,19027,F42ADC36FC4E785633BB7CA0B8DC620EEABA1186C1E96130B0A89B80A302176B
scripts/run_r21_hydrological_model_benchmark.py,21464,A62D13B0891BD7F8AF75EEEA7BB6BF7669DA525DE683562C43F410CCDCF2AC09
scripts/run_r22_model_null_context.py,21920,CB8CE8CA3EF7716F88DF726D4633851FE990DC1F81AC9834616A7E39B03659CD
scripts/run_r23_camels_br_third_archive.py,21232,2090E1703AAA1E8C9047BBD3CB29087B9CE8F0FBF48A8E19033305FEA1791B64
scripts/run_r23_groundwater_storage_validation.py,15793,524FD7B89E43852BA1B95A45AC75872DFB678DFA1C6E3AC33228B43B7A9197DF
scripts/run_r23_multimodel_hydrology_benchmark.py,25059,0E951A3A5E4B47D29F213A3BD6F8185AAB2CAD85AF5FC1D9AA030B5F37EBA005
scripts/run_r24_groundwater_boundary_validation.py,13116,AC5FC889876B2662F23A20CDBAF9A1F78C9DD42AE9BB550D3A7A61E781379374
scripts/run_r25_camels_aus_fourth_archive.py,24804,9E0907B5318E2C88B5595F0B904F39AD98BDBD8DF87FF42C468873385BA75B9A
scripts/run_r26_four_archive_uncertainty.py,13492,66C89E18050CBAC1F1B0D4A97547678AFA7954561B89BAC3A54900259C7EBC3B
scripts/run_r27_camels_dk_groundwater_storage_validation.py,38610,A1D7032D5CF8FC5713E4197A542507043994B6556533156C87D79BF80841D0C6
scripts/run_r28_tracer_compatibility_validation.py,30258,927CB6CF9DFFB631ACEA75A38199DFED37B1AFA0912C73BCD7CD0A2FAB05D34D
scripts/run_r31_gauge_level_ar1_boundary.py,20085,D90300604CFBE96A1C9FFB0894A9AC9369946A352619109D4A9756F2DCE60F37
scripts/run_r32_artifact_floor_main_figure.py,9190,9CEE6FE426634CECBBD70356EEC5B0E0A5F245D5E32AD24A8636EC32FEB9321B
scripts/run_r32_null_calibrated_benchmark_summary.py,3441,7FD5B07F1E44C837E7F5A4BD5311AB93D4BD0CAC7CBDEF09D85C16B016F6D833
scripts/run_r33_artifact_floor_main_figure.py,346,1579811AB1EB6A23659DA3BB7FA9CDA762A854D85139CEB35E0A36934FF130DD
scripts/run_r33_matched_ar1_ensemble.py,7671,18FAE1AA5955ADD53F37B3F6F2F7FA3181FF53759B88DC387DC27BE46BF70587
scripts/run_r33_null_calibrated_ensemble_summary.py,5932,219979FD5F0CDB00CD230DC1800E621204130986833A2FDA73EA2A96F6BBFD9F
scripts/run_r36_construct_validity_diagnostics.py,8451,AFC526EF9F55A79A85ECEF4730323A9C31CD07439739521540E744B91665BAC4
scripts/run_r36_multiscale_memory_nulls.py,19303,10C7F2677ABDCB6E7179927046DAB545500591B13C73C9E5C092B3CA431859C6
scripts/run_r36_multiscale_process_family_nulls.py,17611,E4EE0354F5063C667075B69F1BBF664EF0252E0AE4CFA172DC530B3E04602784
scripts/run_r37_gauge_matched_analytic_nulls.py,15452,607071F32FC25F9C9CC215974062B14C57A625AB4DAAA8C7BED98EA23B2E5B60
scripts/run_r38_established_model_suite.py,28029,88D92561C4446D38412A17C05B0E670D0DB09779AFA2C2E01434DF67E6A7BB6D
scripts/run_r39_open_model_intercomparison.py,42795,BE7CEA7067A9342F96733F19B6309398DBBFA14EB403120954932A7FCEB1FDF8
scripts/run_river_mvp.py,6731,7991D6B598A0AC09B7873BCB51A097EE7341A222CA32C0835D8167FE30CF03CE
scripts/run_synthetic_day1.py,2901,0B03505986EB637F6105CF15EA28A3DA3908D76796B05DA6FB0E780E2FA1E1CD
scripts/run_synthetic_reservoir_process_control.py,14859,41AA2AB11160C015A8BFF192C007269B7B68E4F5E74DE2D46C074F0193E0F64E
scripts/run_usgs_earthquake_mvp.py,5499,EBF0C70DFD1A883B4E6B4D7B5F5EFC0725DD079BA196DFC8C476F9F5E89FE338
scripts/run_usgs_earthquake_regions.py,7584,957388504ADAB7D2D1181820E6D237A76D9489B4CFF89D85DD6C249BE50ADCCD
scripts/run_usgs_earthquake_sensitivity.py,6782,9C77C119A30E180BC990C4D5BB6348DD6FD3B8ABF59E54E30040A7359B6A5877
scripts/run_usgs_nwis_river_mvp.py,10137,D26A1BC6278A73C0BA6C082F84FF2D5D204AF37697D62D3C3A89E49942CEFC19
scripts/run_variance_reduction_validation.py,7036,AA261E5FAA879B375EE8F5FA5971B2717F3712A90E8DF83F9D7EEE2EB4F1E5D5
scripts/sensitivity_de_collapse_metrics.py,7894,1FADAD4A74AA38468B4DA3DA743C9CD6171A59A7E85AD4F8E6DD574EECDAAF30
source_data/camels_673_blocked_crossfit_memory_coordinate_metrics.csv,2159,2256917C4D48876432139F4375FDE72F74D27EE732C96958F773917C8F25E7F4
source_data/camels_673_collapse_metrics.csv,397,EE3D60AC70C164461D4381DCD8EE528A1B015E1A8E09220087C107BDE28B0811
source_data/camels_673_memory_coordinate_attribute_modifiers.csv,879,AF8AA1ADD8C88C519B33702B63A678BC0EE7EF2341E5498197C319A1B1E8EE6F
source_data/camels_673_psd_estimator_robustness_metrics.csv,2834,760384BCDCB109B8D6FC46A4FBA8B63A892CFDFF30F3E166AC7F8E56A1B8ADAB
source_data/camels_gb_v2_replication_collapse_metrics.csv,378,54EE07DFA7DCB35F6B24858687351674C79F795238E38AB961F5ACE74703F484
source_data/dataset_registry.csv,6430,989DD021D775898DECF0936306B56B581F081E46D2BD40EA204D6C6222595009
source_data/final_all_archive_ar1_floor_curves.csv,44376667,292C5FB2CF54084CC8838A0912C47EADF3AAC5B582C5F7D6AEFA41B5E7FBC813
source_data/final_all_archive_ar1_floor_summary.csv,1470,EE56C67B2F6E86ACB1A452F40787B5BA5282FCB9E21BD06739E77F978BB8B2CF
source_data/final_extreme_hardening_cluster_bootstrap_draws.csv,488960,78ADD2DEDD3083D845B50EB851D8B2C78B5DCFEE9FD452D570C1595D57E5EDA0
source_data/final_extreme_hardening_cluster_bootstrap_summary.csv,1477,9C7096D28C07A935478E3B301C1A8D67331C44B3DE8F37BB69344084D8CC42A3
source_data/final_extreme_hardening_forcing_control_summary.csv,852,7095CB1F7A7A95C6A9B5CE76C911C979F3EDFFD8C00DD335D3AA9CE9E4D6F58D
source_data/final_extreme_hardening_forcing_precipitation_curves.csv,8751272,97E9ABE92D8BBE138ECD695EC67D81182C5B7054662F3F43936151546D1EC77F
source_data/final_extreme_hardening_forcing_precipitation_summary.csv,37340,F20D7A42BDA0C607ED59F134A5A3C595CD1F773BE4B9201904DB7AEB7B124B80
source_data/final_extreme_hardening_forcing_q_minus_p_contrast.csv,19350097,9D2E36ED567ABBA5ACA2BCC1BBE5A03E50810892C6239CC8B74220CF5829091C
source_data/final_extreme_hardening_slow_memory_support_audit.csv,5495,314509D72D207EF97D38069F75C652137ADAC0CB304D160822A52F474A934B19
source_data/final_model_ensemble_hardening_lstm_seed_metrics.csv,845693,C883564F18AD45E9F7DA5F6AD2812A4314500A2F46D9745DFD389565066CB33E
source_data/final_model_ensemble_hardening_lstm_seed_summary.csv,523,83CB8897F75D94857C4DD004EE8312B7F20B8233952CC1AFCC534531D78F8552
source_data/final_model_ensemble_hardening_lstm_training_log.csv,879,4E30515CF1235D79FED3196E2B7653F207912E9ECE98211D810D7552A2E2B066
source_data/final_model_ensemble_hardening_rrmpg_512_metrics.csv,572048,B9F59BF2507F59CC2C07E28CC1AB17E23F54C8A1045183BE23D1867390E956FD
source_data/final_model_ensemble_hardening_rrmpg_512_summary.csv,635,0845E848DF9A0C575A1061809904A1B75A49CB8CC179C5ED54860A7CA7BA97FA
source_data/final_model_ensemble_hardening_rrmpg_512_vs_128_paired_delta.csv,92239,B7C662A4C4942E71CC762DAC7FBC1BD03EC8655BEF4F10D7E21561B48C6CA788
source_data/final_model_ensemble_hardening_seasonal_ar1_draw_summary.csv,4449,B5254A8BD0A1370AE0AE4E987D14A6A661E1B0AC161923CDAD714F8943590768
source_data/final_model_ensemble_hardening_seasonal_ar1_metrics.csv,7633399,0442A3C48D46B2B4D289DE4A621C925E93BDF4B24F30D687A340827CEFFEB9BF
source_data/final_model_ensemble_hardening_summary.csv,2131,9470CCCB2721F92446EFB62FCEEA6F71642C48084E4591D78220525C2D71051A
source_data/fourier_pair_circularity_baseline_metrics.csv,587,BD7318B458C0994AD860D7485DA4D5F0E4D26338EB4E479B02F85E422DD7A023
source_data/LARGE_DERIVED_OUTPUTS.csv,540,5449B6A6D4018398FD821CF62719ECD360117176FF148B5FB0CFEBBFEBDF3ECD
source_data/r16_convergent_alignment_cross_validation.csv,2999,76EB98480EAACB472B897864D068906605D1088165BE471E81283007F520949D
source_data/r16_convergent_alignment_metric_summary.csv,1363,65DF1FAFB55A0CCBE48D73395910536E999693D86ED9C31CA0BD3A4462D2EC56
source_data/r19_ar1_conditioned_residual_attribute_modifiers.csv,943,1D74E15C4DCAA5A85239C2F2690D0A323B54E3F95DBAC08A2FE308914C409F3D
source_data/r19_ar1_conditioned_residual_by_gauge.csv,113664,93641211BE26A1E95AB3CA209476EE8192129B046AF862E49D96E4FC8476CE48
source_data/r19_ar1_conditioned_residual_curves.csv,25202981,42788EF81B66B449B5BCBDD4BA88873DBCFCD5F604A665916EDB682C3F29AB33
source_data/r19_ar1_conditioned_residual_metrics.csv,592,B07D1EF4126639AA5FDDAA327C28E0EACCF46DE95F04E3963AB645A2EF621A21
source_data/r20_support_matched_coordinate_sensitivity.csv,1290,3949F63DAF6C41D260773AC4D544C4F76DE346C817745271EE8859095D7431FF
source_data/r23_camels_br_third_archive_archive_metrics.csv,262,96C1C29067F9AE20F5DD30E7ED3199040A1B72FE6E68E8AE1CED443F85232C40
source_data/r23_camels_br_third_archive_bin_stats.csv,4567,82630A0B0C6BF87DE5F00CE4881A372B5CBF4608F291F758815E05B2950EA2EE
source_data/r23_camels_br_third_archive_curves.csv,11842626,9D9E02329A03CACC298E79423943C0E49BE1FDA3A3CCDB251FC979CBAFDCF735
source_data/r23_camels_br_third_archive_gauge_summary.csv,444222,BB6D390ED8A4EE19885CD3FF1F0BF2672D2A25B8995D2A2B1899D99EBBC1490D
source_data/r23_camels_br_third_archive_random_tau_null.csv,20913,30F9ACA97207B01DAB46D1F5B0DEF6106033D7B7D0B186E87E7D5CA9B0BD7908
source_data/r23_camels_br_third_archive_storage_proxy_associations.csv,1888,1630FC3689E84A8372646E3B5C5309EF42B45D80BFCCF9CEE692632C2D4A0202
source_data/r23_camels_br_third_archive_subsample_stability.csv,21900,F4C443408A8644562A49D02A8CD5FCAF38340C7F10D99ED12A2982A8C28A9924
source_data/r23_cross_archive_storage_proxy_validation.csv,2637,D4BFF9D95644BD3F9199ED684F44627195523EE5BE7018F97D0F6220FBDBB633
source_data/r23_groundwater_storage_validation_hydrogeology_associations.csv,588,DFA924245B0B7210A02A79BAEADCA1663564594F410CB89EBE5290CF32FD27BB
source_data/r23_groundwater_storage_validation_nearest_gauge_sensitivity.csv,372,0B1DDE395ED222793E8FA46F40D67F2E225E6D2383476CB7090320C04A441799
source_data/r23_groundwater_storage_validation_well_summary.csv,16150,D2B56CC7C860C5458C788B3143DB512B21B03150AD7E018B25D8CEB4105704E1
source_data/r24_groundwater_boundary_validation_all_containment.csv,15939,62C21BAA02A9482EB11408EF1C387837E26638445F1D8E79DADDC8AC49C7D2E0
source_data/r24_groundwater_boundary_validation_association_summary.csv,342,7BDF27749FCD3281E6420EAC5BC98E7583F76A7B2AB0621F6270B06C821F22B2
source_data/r24_groundwater_boundary_validation_catchment_summary.csv,6297,A6C5B823657223310A8C2E4034DF8CB92B767AF795B2F80913E892DA095AC3A5
source_data/r24_groundwater_boundary_validation_smallest_containing_wells.csv,9715,13B8F80486145E2F908F13692B16EFB0A6FF91484E6AECF8A6D88960096223F0
source_data/r25_camels_aus_fourth_archive_archive_metrics.csv,313,F8336DD955FE40922EAECCA424E45D3D60BA2820681E173A82D3BF8815879C08
source_data/r25_camels_aus_fourth_archive_bin_stats.csv,4630,B0A5AD3E2A91437BEC490070630D59F8AB60252D729E299018DEF1EB09379EC4
source_data/r25_camels_aus_fourth_archive_gauge_summary.csv,942632,8820E8E8D99E80C8478A9FB100D995D4DDA9FC64C0321FE51C1213D64ADA9DF1
source_data/r25_camels_aus_fourth_archive_random_tau_null.csv,21201,833433E14A8C7E2A7A0273F4C06F1B28743F4E8B2BD181AF59F10EDBE52F2858
source_data/r25_camels_aus_fourth_archive_storage_proxy_associations.csv,3119,D0798B1AAE4B00F6FCAB166779EBB6307DFC56F89331188563DC233D1D2F30EB
source_data/r25_camels_aus_fourth_archive_strata_metrics.csv,908,95C7A47636C79FC77F81E644E7DBF995BD6763B274AD336108E07D05AABB96B4
source_data/r25_camels_aus_fourth_archive_subsample_stability.csv,22181,87955380D346B31244E2AB887BCB7CFE7DA5A1A688D59B92A3F6973ADCB7D9B6
source_data/r25_four_archive_portability_synthesis_archive_summary.csv,520,F4C6B54CD3BD2B96A76BF575B283E7FAB87CC44C20CE79AE1DF1387860C7FFC9
source_data/r25_four_archive_portability_synthesis_proxy_summary.csv,1261,44E26B1791701D45D00E15544C9199C804079ABB85005A7B6B8A23298E9E24FD
source_data/r26_four_archive_uncertainty_bootstrap_draws.csv,195273,CEF73729323CE52E9A3C68F280C18A1B50121698A6D1BC06040CAAA210CD8358
source_data/r26_four_archive_uncertainty_summary.csv,876,A09CFBBA9507E8968339BBA650C0827DA255E384A255D6DCD4B38C85EF76DD0B
source_data/r27_camels_dk_groundwater_storage_validation_archive_metrics.csv,659,8088A1391FFE35DB7383259CF8A9AF5F1F414393F7232DAEBA761219122AAD4D
source_data/r27_camels_dk_groundwater_storage_validation_bin_stats.csv,4498,B9CBD0EAD350BE2D4900DCD471F188150AE9E536D524DD299DCAC73D68AA6ADC
source_data/r27_camels_dk_groundwater_storage_validation_coordinate_sensitivity.csv,688,95A28475F8DD51E20A67437F4C3560F85D8F30E75927DE881EF048C894179CBA
source_data/r27_camels_dk_groundwater_storage_validation_curves.csv,3418473,892434F2CC3D4CCFFE44FB6B67815F3860B3E26ABE8F6CEC47057AC0B2AC38EF
source_data/r27_camels_dk_groundwater_storage_validation_evidence_ladder.csv,1022,C1D618C3594E0EC5A8958CAC89DFEA6F2AE62D2528DD7A4A32062065A866877E
source_data/r27_camels_dk_groundwater_storage_validation_gauge_summary.csv,88329,DF679908EE8B986E9FC5D8CCC29E64BFEB4F115BF51BD4A3C59773889185ADB8
source_data/r27_camels_dk_groundwater_storage_validation_random_tau_null.csv,22523,D9FAE8000C02619686C2DE0229FF4F9CF448E887FDA8D712CE66FDA193A85772
source_data/r27_camels_dk_groundwater_storage_validation_storage_proxy_associations.csv,4572,598EB4BDE355B718B1E82B7580D1C297ADE4C2BFCDC12F27C554F88CF0AF6DEB
source_data/r27_camels_dk_groundwater_storage_validation_storage_state_memory_associations.csv,859,1FE94E502FA8D6AEC7851987A4D153503B80A4B5C508097AC4F1D389E58EAE37
source_data/r27_camels_dk_groundwater_storage_validation_subsample_stability.csv,22489,261CEDBF77C20AE9496972FF93DC5D6DB0DAC8ED3DEA59640918419B6D1B75F7
source_data/r28_tracer_compatibility_validation_camels_chem_associations.csv,1854,CA229C915BEB8858D4A7E315D815A074A48E4D29E2CC7BCA9D00EC80C0ADEBFF
source_data/r28_tracer_compatibility_validation_camels_chem_gauge_metrics.csv,73447,E6FB1CC3CECCF00A077D49711A9DA02BBD2F3ABDA073F7E613177EED5C63FD9C
source_data/r28_tracer_compatibility_validation_camels_chem_pair_metrics.csv,351355,1999B2263D473A8C411C3B13C63D124044AD2D6E9E0BFC763A13BE617C8A0620
source_data/r28_tracer_compatibility_validation_evidence_ladder.csv,1023,D17718568A1125643C7E5D55DA818374C2772EE0DDBC0E02227CFE40BCA4BFA3
source_data/r28_tracer_compatibility_validation_plynlimon_flow_memory_proxy.csv,404,B69A76E1B44FBE8343F0275AA33B142C675C02AD45CD67618CA4444F576E6C58
source_data/r28_tracer_compatibility_validation_plynlimon_tracer_damping.csv,1666,5EB14E38643EFACC5B393524E91ED66F9C5ADEFF4FCC2D4E3768A954EA919526
source_data/r30_mechanism_evidence_mother_figure_source.csv,580,4C72C57F3C4D4D19CECB7E888494B291504AFE7B2538D57533066BBAD41EDDEA
source_data/r31_gauge_level_ar1_boundary_attribute_correlations.csv,1899,FA111E2FDF3783049DB0B925BE1D757DBC610A22AB4EDE3006828DF8AF1AEB28
source_data/r31_gauge_level_ar1_boundary_gauge_scores.csv,187070,B11A2C6ADF5710D1712A211DBCEDD965FF8A742E3A9EE75EAE4430B12A4F8482
source_data/r31_gauge_level_ar1_boundary_strata.csv,1938,1C8171C8C2FEAA6920E6BC8AD2566CAA8103C6FE58F433774FB3B0B44A7BBEEF
source_data/r31_gauge_level_ar1_boundary_summary.csv,826,E14CAE9246B90C49F2695B1C88C831008B4655A0C6D959DEBFC8E167691ACCAC
source_data/r33_matched_ar1_ensemble_draw_metrics.csv,20482,B46CF77F7B8688EDFA76B096EDAB0B0535A7E7D408D593D6AE58A0C90A7C8828
source_data/r33_matched_ar1_ensemble_gauge_diagnostics.csv,9876851,EDAD824A3EF3C14A453D721B6355BCCE83B65C616DC784DD71AE136FCF732F03
source_data/r33_matched_ar1_ensemble_summary.csv,445,35CB1F2FD76EF090A2788B4D4660082892A29752EBF3EF77AE76CA5DBE41450B
source_data/r33_null_calibrated_ensemble_summary.csv,1216,850038229163DBDFD65291261F33E4C425076EA49543C9898EA4177F262ED02F
source_data/r35_archive_filter_audit_summary.csv,2238,C0C0B72E038CF4C9C2FC2C6A54E998A4B7D870B033191957DD48F212C2513FE1
source_data/r35_fig2_five_archive_alignment_source.csv,5366,1C63F531B93D65FEF4E77007A00AD3F0BB28C77AFB9EBF397003B40B633E1D40
source_data/r35_fig4_robustness_support_source.csv,6183,5ABA1CFB7B6D4C457B163F854D20E5DA0407DC3D692441D262DE99CC1D0C50B3
source_data/r36_construct_validity_diagnostics.csv,1906,334257F20CBFA9F958B5BCBBAC1C203C87FBD48871ECDB14E36B9CAC92B9EE45
source_data/r36_multiscale_process_family_nulls_curves.csv,7633697,283AC6D6A2C8B737FC076D14F615B5182139A5D535B5CF3DB95759F222CA84EE
source_data/r36_multiscale_process_family_nulls_metrics.csv,607,CEE1A033FB4528D192BCAAD76A72D779BBF43733B49D39B37EC939DA3D2AEAA7
source_data/r36_multiscale_process_family_nulls_series.csv,65904,2C91D4363E7D30F4C8027C7003C4F87825F1A9D7EF75FD9024E54A1D567C174B
source_data/r37_gauge_matched_analytic_nulls_summary.csv,2686,8FDA8699C32FD8AD7CCC5BF62D30C316DCE349BCA8794E3844E8DFF772E0F898
source_data/r39_open_model_intercomparison_lstm_training_log.csv,135,5A7A32DE133EA3D3DDE0F9E051AD6195A80BAAC0F4368D974E08C3844B3C14FF
source_data/r39_open_model_intercomparison_metrics.csv,1255493,A38107F66D7AD5BBB388FA5FD3F277B892937B8B3F42E6C028BD5A3CADE14382
source_data/r39_open_model_intercomparison_pairwise_tests.csv,3688,3E826695363DE9D5A9FC6C426F4536036DB19E179208D4870178330D563C9726
source_data/r39_open_model_intercomparison_rank_disagreement.csv,40577,53B03202FE651DC2FD4A8E24AC9181B10173C920FF645B243EA208A35283DFD8
source_data/r39_open_model_intercomparison_run_manifest.csv,2288,2C1B3C7C10AA4C7FA8778E2A30C678ABE4C7A283D1F472A709635EEA4526C611
source_data/r39_open_model_intercomparison_summary.csv,1103,2304C86A03803CB6C0E018CC42F9E05D18FD4C290312520F4466B7BD7A027079
source_data/README.md,19167,64088352145C8EAC8EEDE6BF34EEA8A45D8FAD017D80D284155EDDBD8E80585C
source_data/source_data_index.csv,40056,8EF57359A251D3BB3F4DF5BFC4F10F44ECAB29BB45283BC621BE60433AC1003E
source_data/synthetic_reservoir_process_control_metrics.csv,501,99F0A67F3251A0FA7667E4C1A8779FD79B0FE3368558A77955D3E6C1DCFB6EE1
src/earth_deborah_benchmark.egg-info/dependency_links.txt,1,01BA4719C80B6FE911B091A7C05124B64EEECE964E09C058EF8F9805DACA546B
src/earth_deborah_benchmark.egg-info/PKG-INFO,3988,0713E66838ACC955EC9E06BBE51DB4D291C0C01A24DA1475B20B7FD43FBA696B
src/earth_deborah_benchmark.egg-info/requires.txt,135,56107C57089F0FEF0B3BA2BAB42B1F4D0022F30BED7B164554BA519E2514F061
src/earth_deborah_benchmark.egg-info/SOURCES.txt,898,2128F5A653A4D7B38C21D55E0940A189E7B70D580B6783DA2C4D3B99B0CE5BAE
src/earth_deborah_benchmark.egg-info/top_level.txt,4,88CE70BA97D1450C867A2D4E2F56E7DA5A04C1ECCF3C8721CC063234A7E6ECC8
src/edb/__init__.py,89,17FDF01F8E93782C3018AC5FBF059ED05A6686E0EE7BAE8F1025756D5D985BDA
src/edb/data/__init__.py,2448,865B225B10B05D9F684144CD8CAC01634FDF628C58A6077061541DA4834083D6
src/edb/data/glacier.py,4720,17E70EBE98E6C22220B94CB0AB4AA80E8B609F34BE9917DDB4E74A4C1669B663
src/edb/data/grdc.py,6148,8BAC98FCFDAB9FFF6A544CF90923A0B96E7225A92B7345FF14470836D6C250D9
src/edb/data/itslive.py,3752,62BB3562994A0B274F3E596A0E55DCFEA4D9862E8E00501CF377ADBBE7C008EF
src/edb/data/landslide_glc.py,5890,F9DCF5DF34B7DC3C7A6714350134ECFB0AF5B4F7DF5480CF9B2FB650ACAA2E1A
src/edb/data/nwis.py,4990,BC9C39307161476366045C4670877259AF1AE305C8A5543B73EA6D412F7667A0
src/edb/data/schema.py,1260,DB6F0029C1FD0417983A8AFB60D68209EBA4DCC55964071C361A5D1888A29A78
src/edb/data/usgs.py,10109,834050E141698D46D4EF8820FD12A9DF1534DA630FDDC6A2F45A8260A7473D37
src/edb/plots/__init__.py,25,D49B5F2CDC230A725BDCD037203B730C60E4E7E6AAB60EF4FAD6A7640A99ACE4
src/edb/plots/figures.py,531,FC50553F6D2ED4A11649CDCA9F7A63117B294C368D15895620E11A13D922753D
src/edb/signal/__init__.py,53,3A4245C526E3A4A863B8CBC837C0971AEE101897B7B2733EC9428D272B72F283
src/edb/signal/de.py,1098,680DA99C1674593F2D486E235EF6FF726D79B301C6B163E5FB84BD826382694C
src/edb/signal/nulls.py,4195,96FABB981ECD852620CDCF2274C8F9EF760352BD629EE185A227971018881012
src/edb/signal/pipeline.py,2403,97EA414D97AA91033ED9ACCC94C9D95A072931743849E40C709E3FCFF15767CA
src/edb/signal/preprocess.py,3271,20A63A827017F8DFC4D44DEC354CCFD91144C178D95047ECD0F8A5962B34672B
src/edb/signal/psd.py,3175,5D3913E90C0A4A6ECB864A7EC250C9046D3431FBE86C5C515998859AA2D07270
src/edb/signal/slopes.py,2153,725104A695907E085F9BC64816E65ED44FFB19D95A3EB5A5E29DF1B2ED806A3A
src/edb/signal/summary.py,1427,C9BD313459B3FFAF00629DC17508113D5768699BFB97F295C03F640CDEB8C95B
src/edb/signal/timescales.py,1854,472AB072DDB02A86710315C7CE5C3CAC9BC01473A21C15C8BECE26CC121C1AFA
src/edb/stats/__init__.py,28,19D4D26F43BFA6380721B4EE65F365BED7D0D5830DCC29A46B70184563A895F0
src/edb/stats/bootstrap.py,439,13D4A769846EDDA06F47D40C60A4602550E4380F4FD329DAD5E8DB10ED73CACF
src/edb/stats/meta_analysis.py,609,8CB5B878F2D85CBE138D792904A31F2154559FA3AF9374DC87B000FC1CB07BE3
src/edb/stats/powerlaw_tests.py,331,CB167677E513FB19F48764CC93027263060DBF4DD55053E066F4796119E504AD
src/edb/utils/__init__.py,24,B1889DD76636AC4F0500078D8BFDC713987755E20DC8746E0BE28BAAA5FC59AD
src/edb/utils/io.py,292,7338111A7EB1C2E132151785C7B32A4EBCB1B0F4DA996428C22BE72E215F261D
src/edb/utils/logging.py,477,D493030E8E1F5050AE2164BC5B8D2DC52ECEF1E9366F3B87B1A429B21264A13A
tests/test_de.py,575,AD4652C4FD68D2B8714461A69BA2F3E2C6D21C881847F6502E8AA7E1329E66AE
tests/test_glacier.py,1194,8D3D790BA886C93FACE5189465F9FBC3B0D98E622224ABF725BE0D8AFBE856D4
tests/test_grdc.py,2184,947F7AD3E15762DEF72BBBF86594576EE6DE40DBB1E70F03A187C5C882398E49
tests/test_itslive.py,707,325EDA1BE184C069BC92F5B78EE01B4B75A3DED145E1656CB7D135AC77AB4746
tests/test_landslide_glc.py,2710,7DFB6146A8AD9EF0376D16AD78D92C0AE4D247E1BDC52092BC842D1F3E54F354
tests/test_nulls.py,1445,361AEC2FD11011F06CB2FA0C72CE77991A98FFA02B12F80EC49624722C76A011
tests/test_nwis.py,1549,48B4CE4B1B6ECED1E4BC47165D2D66D6AE8F6AD6178FBED54AE0941D5C40C89A
tests/test_preprocess.py,1357,EB0EE92498A8AC1704598A10BB4944B68C4D27996801FCE0FBF11D280D989431
tests/test_psd.py,2033,DDF058C3C842F94EB65A794C3E0AC0EC23DBA982C6A7A62C3867497F723F44B0
tests/test_schema_pipeline.py,1378,D568B5213600A2FB741F3DBBE4F4C4F5429A042339260DEFE8F6370E82B89DDB
tests/test_slopes.py,439,DE21BE5E9AD2CFDE122D43BF729175CA30F2955B01872BE63B2E740B8660FEC5
tests/test_summary.py,411,A07D89E62D7616A0DEBDBE243704742E7B8AF4DB38301637DE68F0B9FAB2F10E
tests/test_timescales.py,897,207963BFDBE2C8F4260648F3042BBEF2E7A294D3239E1EF32104B21C97024076
tests/test_usgs.py,5733,CA360F5D45CAD940E6DFCDFFF8BC7CA25699289F7D8CA85A4627229C85DCF382
ZENODO_DEPOSITION_METADATA.md,735,56CE23B81079E8BE9CED25D74F7E5E2894ED8E91E6C4D8E322BB3AFBC830305F
