attribute,label,n,spearman_rho,p_value,abs_rho,rank
aridity,aridity,666,0.24872065085116454,7.553666556427179e-11,0.24872065085116454,1
baseflow_index_x,BFI,666,-0.14062643541062228,0.0002721820720666816,0.14062643541062228,2
runoff_ratio,runoff ratio,665,-0.13922240475823228,0.00031698601444311473,0.13922240475823228,3
frac_snow,snow fraction,666,0.13249350009695238,0.0006081413794939139,0.13249350009695238,4
p_seasonality,precip seasonality,666,0.08148908679169865,0.035506515063342375,0.08148908679169865,5
elev_mean,elevation,666,0.08106312705324972,0.03648260980203814,0.08106312705324972,6
slope_mean,slope,666,-0.043912427041914934,0.2577756964796584,0.043912427041914934,7
log10_area,log10 area,666,0.03980623059342572,0.30500695828868074,0.03980623059342572,8
log10_tau_acf,log10 tau_acf,668,-0.004215300582570346,0.9134056877303846,0.004215300582570346,9
