archive,forcing_product,gauge_id_str,tau_acf_p_days,n_precip_beta_rows,precip_missing_after_processing
CAMELS-GB v2,CEH-GEAR,10002,2.3481669273990295,125,0.0
CAMELS-GB v2,CEH-GEAR,10003,1.8864685603265412,125,0.0
CAMELS-GB v2,CEH-GEAR,1001,5.31630965451869,125,0.0
CAMELS-GB v2,CEH-GEAR,101002,3.132231206329948,125,0.0
CAMELS-GB v2,CEH-GEAR,101005,3.1066645754771853,125,0.0
CAMELS-GB v2,CEH-GEAR,102001,2.153334093089651,125,0.0
CAMELS-GB v2,CEH-GEAR,106001,5.278703691609512,125,0.0
CAMELS-GB v2,CEH-GEAR,107001,7.623829505137089,125,0.0
CAMELS-GB v2,CEH-GEAR,11001,2.0128588304225055,125,0.0
CAMELS-GB v2,CEH-GEAR,11003,1.8587214984371148,125,0.0
CAMELS-GB v2,CEH-GEAR,11004,1.834687299575155,125,0.0
CAMELS-GB v2,CEH-GEAR,12001,2.962967331839043,125,0.0
CAMELS-GB v2,CEH-GEAR,12002,2.3711639873005916,125,0.0
CAMELS-GB v2,CEH-GEAR,12005,3.823037153652948,125,0.0
CAMELS-GB v2,CEH-GEAR,12006,2.1302042310338147,125,0.0
CAMELS-GB v2,CEH-GEAR,12007,2.8364902077595944,125,0.0
CAMELS-GB v2,CEH-GEAR,12008,2.2092701311087706,125,0.0
CAMELS-GB v2,CEH-GEAR,12009,2.2335895392458367,125,0.0
CAMELS-GB v2,CEH-GEAR,13001,1.8924608647857342,125,0.0
CAMELS-GB v2,CEH-GEAR,13004,2.41343462619936,125,0.0
CAMELS-GB v2,CEH-GEAR,13005,2.0527262871355503,125,0.0
CAMELS-GB v2,CEH-GEAR,13007,2.310246552092744,125,0.0
CAMELS-GB v2,CEH-GEAR,13008,2.3641996505659018,125,0.0
CAMELS-GB v2,CEH-GEAR,14001,1.7984574142513,125,0.0
CAMELS-GB v2,CEH-GEAR,14002,2.0230392316051353,125,0.0
CAMELS-GB v2,CEH-GEAR,14005,1.7200441852881398,125,0.0
CAMELS-GB v2,CEH-GEAR,15006,4.778370158427579,125,0.0
CAMELS-GB v2,CEH-GEAR,15007,4.97430670183303,125,0.0
CAMELS-GB v2,CEH-GEAR,15010,2.3884152720165903,125,0.0
CAMELS-GB v2,CEH-GEAR,15011,5.035621748771303,125,0.0
CAMELS-GB v2,CEH-GEAR,15012,5.108676515491379,125,0.0
CAMELS-GB v2,CEH-GEAR,15013,2.6615682522740802,125,0.0
CAMELS-GB v2,CEH-GEAR,15014,2.85474992752511,125,0.0
CAMELS-GB v2,CEH-GEAR,15016,4.976426338944276,125,0.0
CAMELS-GB v2,CEH-GEAR,15021,2.2114650266193596,125,0.0
CAMELS-GB v2,CEH-GEAR,15023,2.625547171324886,125,0.0
CAMELS-GB v2,CEH-GEAR,15024,5.078015522546755,125,0.0
CAMELS-GB v2,CEH-GEAR,15025,2.569304177186333,125,0.0
CAMELS-GB v2,CEH-GEAR,15030,1.9954633846121872,125,0.0
CAMELS-GB v2,CEH-GEAR,15039,3.9145679708720738,125,0.0
CAMELS-GB v2,CEH-GEAR,16001,3.013145082030521,125,0.0
CAMELS-GB v2,CEH-GEAR,16003,3.529220698664077,125,0.0
CAMELS-GB v2,CEH-GEAR,16004,2.9393997838450847,125,0.0
CAMELS-GB v2,CEH-GEAR,17001,2.773559885100149,125,0.0
CAMELS-GB v2,CEH-GEAR,17003,2.525840907287484,125,0.0
CAMELS-GB v2,CEH-GEAR,17004,1.9637889330007379,125,0.0
CAMELS-GB v2,CEH-GEAR,17005,2.3389938755097988,125,0.0
CAMELS-GB v2,CEH-GEAR,17015,2.3576569337839746,125,0.0
CAMELS-GB v2,CEH-GEAR,17018,2.137192976936782,125,0.0
CAMELS-GB v2,CEH-GEAR,18001,4.058569912799767,125,0.0
CAMELS-GB v2,CEH-GEAR,18002,3.108908995337081,125,0.0
CAMELS-GB v2,CEH-GEAR,18003,4.666704108027472,125,0.0
CAMELS-GB v2,CEH-GEAR,18008,4.713878847145764,125,0.0
CAMELS-GB v2,CEH-GEAR,18010,4.534968649733573,125,0.0
CAMELS-GB v2,CEH-GEAR,18011,4.651469717152828,125,0.0
CAMELS-GB v2,CEH-GEAR,18014,2.7419895674563786,125,0.0
CAMELS-GB v2,CEH-GEAR,18017,4.885106992039337,125,0.0
CAMELS-GB v2,CEH-GEAR,18018,4.688559199944652,125,0.0
CAMELS-GB v2,CEH-GEAR,19001,2.17817904641333,125,0.0
CAMELS-GB v2,CEH-GEAR,19006,1.9925613242040432,125,0.0
CAMELS-GB v2,CEH-GEAR,19010,1.8635215918580281,125,0.0
CAMELS-GB v2,CEH-GEAR,19017,1.8572238892132271,125,0.0
CAMELS-GB v2,CEH-GEAR,19020,2.365018754108535,125,0.0
CAMELS-GB v2,CEH-GEAR,20002,1.704707478436287,125,0.0
CAMELS-GB v2,CEH-GEAR,20003,1.9058524949724058,125,0.0
CAMELS-GB v2,CEH-GEAR,20007,1.7651869490791778,125,0.0
CAMELS-GB v2,CEH-GEAR,2001,5.48157023553344,125,0.0
CAMELS-GB v2,CEH-GEAR,2002,4.410471162288832,125,0.0
CAMELS-GB v2,CEH-GEAR,21003,2.64425174312054,125,0.0
CAMELS-GB v2,CEH-GEAR,21006,2.6261620525991773,125,0.0
CAMELS-GB v2,CEH-GEAR,21008,2.3284939870747414,125,0.0
CAMELS-GB v2,CEH-GEAR,21009,2.3517495711055822,125,0.0
CAMELS-GB v2,CEH-GEAR,21011,2.656463738009833,125,0.0
CAMELS-GB v2,CEH-GEAR,21012,2.6249889381445293,125,0.0
CAMELS-GB v2,CEH-GEAR,21013,2.556616784548984,125,0.0
CAMELS-GB v2,CEH-GEAR,21015,2.0296007753265983,125,0.0
CAMELS-GB v2,CEH-GEAR,21016,1.9824852583901853,125,0.0
CAMELS-GB v2,CEH-GEAR,21017,2.85260697329091,125,0.0
CAMELS-GB v2,CEH-GEAR,21018,2.317247795828341,125,0.0
CAMELS-GB v2,CEH-GEAR,21022,1.9146243918916055,125,0.0
CAMELS-GB v2,CEH-GEAR,21023,1.8007963738432755,125,0.0
CAMELS-GB v2,CEH-GEAR,21024,2.104285825214441,125,0.0
CAMELS-GB v2,CEH-GEAR,21026,2.831545742623784,125,0.0
CAMELS-GB v2,CEH-GEAR,21027,1.8847445633888678,125,0.0
CAMELS-GB v2,CEH-GEAR,22001,1.8800699112997565,125,0.0
CAMELS-GB v2,CEH-GEAR,22006,1.515440130960517,125,0.0
CAMELS-GB v2,CEH-GEAR,22007,1.5291944631886367,125,0.0
CAMELS-GB v2,CEH-GEAR,22009,2.1502761097739986,125,0.0
CAMELS-GB v2,CEH-GEAR,23001,2.535989546050907,125,0.0
CAMELS-GB v2,CEH-GEAR,23004,3.223563501393881,125,0.0
CAMELS-GB v2,CEH-GEAR,23006,2.552386134471324,125,0.0
CAMELS-GB v2,CEH-GEAR,23007,1.5647767699141537,125,0.0
CAMELS-GB v2,CEH-GEAR,23008,2.326242418851134,125,0.0
CAMELS-GB v2,CEH-GEAR,23011,2.6211168901145574,125,0.0
CAMELS-GB v2,CEH-GEAR,23016,1.467534600858901,125,0.0
CAMELS-GB v2,CEH-GEAR,24001,1.7410459604329165,125,0.0
CAMELS-GB v2,CEH-GEAR,24003,1.9597265577724992,125,0.0
CAMELS-GB v2,CEH-GEAR,24004,1.6832703910577125,125,0.0
CAMELS-GB v2,CEH-GEAR,24005,1.5018349983449277,125,0.0
CAMELS-GB v2,CEH-GEAR,25001,1.9742625135039313,125,0.0
CAMELS-GB v2,CEH-GEAR,25003,2.762415766678086,125,0.0
CAMELS-GB v2,CEH-GEAR,25006,1.9091248766197666,125,0.0
CAMELS-GB v2,CEH-GEAR,25012,3.375045532710267,125,0.0
CAMELS-GB v2,CEH-GEAR,25020,1.4352521113493335,125,0.0
CAMELS-GB v2,CEH-GEAR,25021,1.4315734883988778,125,0.0
CAMELS-GB v2,CEH-GEAR,25029,1.6634464378027516,125,0.0
CAMELS-GB v2,CEH-GEAR,26003,1.3198940256382874,125,0.0
CAMELS-GB v2,CEH-GEAR,26005,1.538337808562517,125,0.0
CAMELS-GB v2,CEH-GEAR,26006,1.263456948532786,125,0.0
CAMELS-GB v2,CEH-GEAR,26008,1.3887571065379758,125,0.0
CAMELS-GB v2,CEH-GEAR,26009,1.4448850455103914,125,0.0
CAMELS-GB v2,CEH-GEAR,27001,1.7925624046781954,125,0.0
CAMELS-GB v2,CEH-GEAR,27002,2.018352120398835,125,0.0
CAMELS-GB v2,CEH-GEAR,27003,3.952015751040083,125,0.0
CAMELS-GB v2,CEH-GEAR,27006,1.5020501203744812,125,0.0
CAMELS-GB v2,CEH-GEAR,27007,2.0285516128935015,125,0.0
CAMELS-GB v2,CEH-GEAR,27009,1.8349123250319253,125,0.0
CAMELS-GB v2,CEH-GEAR,27021,1.4228914576913418,125,0.0
CAMELS-GB v2,CEH-GEAR,27023,1.4096543895428078,125,0.0
CAMELS-GB v2,CEH-GEAR,27025,1.3377252115096139,125,0.0
CAMELS-GB v2,CEH-GEAR,27026,1.3787320707397444,125,0.0
CAMELS-GB v2,CEH-GEAR,27029,3.9277907392314915,125,0.0
CAMELS-GB v2,CEH-GEAR,27030,1.3738819093670078,125,0.0
CAMELS-GB v2,CEH-GEAR,27032,2.0281639305596695,125,0.0
CAMELS-GB v2,CEH-GEAR,27034,2.205937779579219,125,0.0
CAMELS-GB v2,CEH-GEAR,27035,3.853262934033059,125,0.0
CAMELS-GB v2,CEH-GEAR,27038,1.4844505596832167,125,0.0
CAMELS-GB v2,CEH-GEAR,27041,1.5912202230692276,125,0.0
CAMELS-GB v2,CEH-GEAR,27042,1.5711057285546657,125,0.0
CAMELS-GB v2,CEH-GEAR,27043,2.1149467702324194,125,0.0
CAMELS-GB v2,CEH-GEAR,27047,2.9457299312930663,125,0.0
CAMELS-GB v2,CEH-GEAR,27049,1.5406159094535452,125,0.0
CAMELS-GB v2,CEH-GEAR,27051,1.4484018210754412,125,0.0
CAMELS-GB v2,CEH-GEAR,27062,1.7822631060065433,125,0.0
CAMELS-GB v2,CEH-GEAR,27064,1.271412222660568,125,0.0
CAMELS-GB v2,CEH-GEAR,27065,3.2622566743804504,125,0.0
CAMELS-GB v2,CEH-GEAR,27071,1.7209783160067766,125,0.0
CAMELS-GB v2,CEH-GEAR,27073,1.510097068087406,125,0.0
CAMELS-GB v2,CEH-GEAR,27077,2.2516827221349502,125,0.0
CAMELS-GB v2,CEH-GEAR,27079,3.905192742086546,125,0.0
CAMELS-GB v2,CEH-GEAR,27080,3.694137824884074,125,0.0
CAMELS-GB v2,CEH-GEAR,27084,3.581743808161793,125,0.0
CAMELS-GB v2,CEH-GEAR,27087,1.5561353309713455,125,0.0
CAMELS-GB v2,CEH-GEAR,27089,2.001882571043629,125,0.0
CAMELS-GB v2,CEH-GEAR,27090,1.9703802183005141,125,0.0
CAMELS-GB v2,CEH-GEAR,28001,2.9759176744147364,125,0.0
CAMELS-GB v2,CEH-GEAR,28003,1.2683496182732965,125,0.0
CAMELS-GB v2,CEH-GEAR,28008,2.1873598080740635,125,0.0
CAMELS-GB v2,CEH-GEAR,28009,1.5978424500566548,125,0.0
CAMELS-GB v2,CEH-GEAR,28012,1.4959113507152537,125,0.0
CAMELS-GB v2,CEH-GEAR,28015,1.4340418202622407,125,0.0
CAMELS-GB v2,CEH-GEAR,28018,1.6292318107748691,125,0.0
CAMELS-GB v2,CEH-GEAR,28022,1.594707454649582,125,0.0
CAMELS-GB v2,CEH-GEAR,28023,2.9522353862362847,125,0.0
CAMELS-GB v2,CEH-GEAR,28024,1.3147105798519596,125,0.0
CAMELS-GB v2,CEH-GEAR,28026,1.3092413887661003,125,0.0
CAMELS-GB v2,CEH-GEAR,28031,1.6617368410076099,125,0.0
CAMELS-GB v2,CEH-GEAR,28033,2.9416766570215267,125,0.0
CAMELS-GB v2,CEH-GEAR,28039,1.2612203984730648,125,0.0
CAMELS-GB v2,CEH-GEAR,28040,1.5628669977963068,125,0.0
CAMELS-GB v2,CEH-GEAR,28043,2.880111406388496,125,0.0
CAMELS-GB v2,CEH-GEAR,28044,1.2455222020690124,125,0.0
CAMELS-GB v2,CEH-GEAR,28046,2.2452918676880733,125,0.0
CAMELS-GB v2,CEH-GEAR,28048,1.351177771456166,125,0.0
CAMELS-GB v2,CEH-GEAR,28050,1.773493237924213,125,0.0
CAMELS-GB v2,CEH-GEAR,28052,1.501450329847814,125,0.0
CAMELS-GB v2,CEH-GEAR,28055,1.3599482763194664,125,0.0
CAMELS-GB v2,CEH-GEAR,28056,1.322891615989116,125,0.0
CAMELS-GB v2,CEH-GEAR,28060,1.3886065967117371,125,0.0
CAMELS-GB v2,CEH-GEAR,28066,1.4572591497357363,125,0.0
CAMELS-GB v2,CEH-GEAR,28067,2.812943301814588,125,0.0
CAMELS-GB v2,CEH-GEAR,28072,1.392488378778806,125,0.0
CAMELS-GB v2,CEH-GEAR,28074,1.3671595271106458,125,0.0
CAMELS-GB v2,CEH-GEAR,28080,1.4278670320379732,125,0.0
CAMELS-GB v2,CEH-GEAR,28081,1.3778699013522784,125,0.0
CAMELS-GB v2,CEH-GEAR,28082,1.2967398144189353,125,0.0
CAMELS-GB v2,CEH-GEAR,28085,2.8237156697675916,125,0.0
CAMELS-GB v2,CEH-GEAR,28091,1.2634959962718588,125,0.0
CAMELS-GB v2,CEH-GEAR,28093,1.3565992002124538,125,0.0
CAMELS-GB v2,CEH-GEAR,28115,1.2517905595292746,125,0.0
CAMELS-GB v2,CEH-GEAR,28116,1.4162314832418266,125,0.0
CAMELS-GB v2,CEH-GEAR,28117,2.881467972754115,125,0.0
CAMELS-GB v2,CEH-GEAR,29002,1.9269502649710568,125,0.0
CAMELS-GB v2,CEH-GEAR,29003,1.3409961105172092,125,0.0
CAMELS-GB v2,CEH-GEAR,29005,1.4078490646502664,125,0.0
CAMELS-GB v2,CEH-GEAR,29009,1.9877465422180423,125,0.0
CAMELS-GB v2,CEH-GEAR,30001,1.3466898781136873,125,0.0
CAMELS-GB v2,CEH-GEAR,30004,1.8856680618520503,125,0.0
CAMELS-GB v2,CEH-GEAR,30005,1.3273500677897265,125,0.0
CAMELS-GB v2,CEH-GEAR,30011,1.4028264546320677,125,0.0
CAMELS-GB v2,CEH-GEAR,30012,1.9151146943141224,125,0.0
CAMELS-GB v2,CEH-GEAR,30014,1.3067138683186061,125,0.0
CAMELS-GB v2,CEH-GEAR,30015,1.3232727957192958,125,0.0
CAMELS-GB v2,CEH-GEAR,3003,5.632199351901331,125,0.0
CAMELS-GB v2,CEH-GEAR,31002,2.0281167930903,125,0.0
CAMELS-GB v2,CEH-GEAR,31006,1.2743436292910926,125,0.0
CAMELS-GB v2,CEH-GEAR,31010,1.2665710571907915,125,0.0
CAMELS-GB v2,CEH-GEAR,31021,1.320834620676671,125,0.0
CAMELS-GB v2,CEH-GEAR,31023,1.2992790327709152,125,0.0
CAMELS-GB v2,CEH-GEAR,31025,1.2787866540665445,125,0.0
CAMELS-GB v2,CEH-GEAR,32003,1.183124277512281,125,0.0
CAMELS-GB v2,CEH-GEAR,32004,1.2976324525258434,125,0.0
CAMELS-GB v2,CEH-GEAR,32006,1.3134369967886361,125,0.0
CAMELS-GB v2,CEH-GEAR,32008,1.2926861518953705,125,0.0
CAMELS-GB v2,CEH-GEAR,33006,1.230016480360793,125,0.0
CAMELS-GB v2,CEH-GEAR,33007,2.1768363233358983,125,0.0
CAMELS-GB v2,CEH-GEAR,33012,1.176610726048344,125,0.0
CAMELS-GB v2,CEH-GEAR,33013,1.2455424431793936,125,0.0
CAMELS-GB v2,CEH-GEAR,33014,1.2531657312637121,125,0.0
CAMELS-GB v2,CEH-GEAR,33018,1.3556429889738624,125,0.0
CAMELS-GB v2,CEH-GEAR,33019,1.244116080322978,125,0.0
CAMELS-GB v2,CEH-GEAR,33020,1.1856148216870637,125,0.0
CAMELS-GB v2,CEH-GEAR,33021,1.306052592859614,125,0.0
CAMELS-GB v2,CEH-GEAR,33022,1.4040176118927068,125,0.0
CAMELS-GB v2,CEH-GEAR,33023,1.298516264529221,125,0.0
CAMELS-GB v2,CEH-GEAR,33024,1.9718125154264514,125,0.0
CAMELS-GB v2,CEH-GEAR,33026,2.3318907422538024,125,0.0
CAMELS-GB v2,CEH-GEAR,33028,1.361457880447933,125,0.0
CAMELS-GB v2,CEH-GEAR,33029,1.9748781800275992,125,0.0
CAMELS-GB v2,CEH-GEAR,33031,2.1028862202862952,125,0.0
CAMELS-GB v2,CEH-GEAR,33032,1.8819196683264896,125,0.0
CAMELS-GB v2,CEH-GEAR,33033,1.4206838044560446,125,0.0
CAMELS-GB v2,CEH-GEAR,33034,1.2689896776604055,125,0.0
CAMELS-GB v2,CEH-GEAR,33035,1.9758487410693775,125,0.0
CAMELS-GB v2,CEH-GEAR,33039,2.3056311821803472,125,0.0
CAMELS-GB v2,CEH-GEAR,33053,1.9441341754706052,125,0.0
CAMELS-GB v2,CEH-GEAR,33054,1.9221024343456672,125,0.0
CAMELS-GB v2,CEH-GEAR,33058,2.4266670915813817,125,0.0
CAMELS-GB v2,CEH-GEAR,34002,2.2402404724881744,125,0.0
CAMELS-GB v2,CEH-GEAR,34003,2.156080724197658,125,0.0
CAMELS-GB v2,CEH-GEAR,34004,2.263543416216257,125,0.0
CAMELS-GB v2,CEH-GEAR,34005,1.5663889180717507,125,0.0
CAMELS-GB v2,CEH-GEAR,34006,2.250072030053487,125,0.0
CAMELS-GB v2,CEH-GEAR,34007,1.3405149302510915,125,0.0
CAMELS-GB v2,CEH-GEAR,34008,1.0698788245730708,125,0.0
CAMELS-GB v2,CEH-GEAR,34010,1.2415182560088571,125,0.0
CAMELS-GB v2,CEH-GEAR,34011,2.141760681023815,125,0.0
CAMELS-GB v2,CEH-GEAR,34012,2.033618234569379,125,0.0
CAMELS-GB v2,CEH-GEAR,35003,2.3821361823338023,125,0.0
CAMELS-GB v2,CEH-GEAR,35008,2.1539035327946565,125,0.0
CAMELS-GB v2,CEH-GEAR,36003,1.26846276342612,125,0.0
CAMELS-GB v2,CEH-GEAR,36006,1.341782350498267,125,0.0
CAMELS-GB v2,CEH-GEAR,36009,1.2574818840953554,125,0.0
CAMELS-GB v2,CEH-GEAR,36010,1.9140937812387138,125,0.0
CAMELS-GB v2,CEH-GEAR,36011,1.365983796754749,125,0.0
CAMELS-GB v2,CEH-GEAR,36012,1.3479819995022235,125,0.0
CAMELS-GB v2,CEH-GEAR,37001,1.9780123829052902,125,0.0
CAMELS-GB v2,CEH-GEAR,37003,2.172969712337097,125,0.0
CAMELS-GB v2,CEH-GEAR,37005,1.8920767140891113,125,0.0
CAMELS-GB v2,CEH-GEAR,37008,1.9423989443266778,125,0.0
CAMELS-GB v2,CEH-GEAR,37009,2.2188413213950042,125,0.0
CAMELS-GB v2,CEH-GEAR,37010,2.2855282816103495,125,0.0
CAMELS-GB v2,CEH-GEAR,37011,1.9310529272842514,125,0.0
CAMELS-GB v2,CEH-GEAR,37018,1.8740077355998546,125,0.0
CAMELS-GB v2,CEH-GEAR,37019,1.9015259392393622,125,0.0
CAMELS-GB v2,CEH-GEAR,37020,1.9280449450255313,125,0.0
CAMELS-GB v2,CEH-GEAR,37031,1.8124648829534291,125,0.0
CAMELS-GB v2,CEH-GEAR,37033,2.0888442586431766,125,0.0
CAMELS-GB v2,CEH-GEAR,38001,2.054379536065835,125,0.0
CAMELS-GB v2,CEH-GEAR,38003,2.278300851777704,125,0.0
CAMELS-GB v2,CEH-GEAR,38004,1.995636551634693,125,0.0
CAMELS-GB v2,CEH-GEAR,38007,1.5683827752495958,125,0.0
CAMELS-GB v2,CEH-GEAR,38012,1.4136826591390008,125,0.0
CAMELS-GB v2,CEH-GEAR,38014,1.4950841060832007,125,0.0
CAMELS-GB v2,CEH-GEAR,38017,1.4494023623341754,125,0.0
CAMELS-GB v2,CEH-GEAR,38018,2.5071081795519543,125,0.0
CAMELS-GB v2,CEH-GEAR,38021,1.4635117440199314,125,0.0
CAMELS-GB v2,CEH-GEAR,38026,2.21586307125272,125,0.0
CAMELS-GB v2,CEH-GEAR,38029,2.00608736933702,125,0.0
CAMELS-GB v2,CEH-GEAR,38030,1.4415945397685748,125,0.0
CAMELS-GB v2,CEH-GEAR,39001,2.8619054200033767,125,0.0
CAMELS-GB v2,CEH-GEAR,39002,1.5981163623344494,125,0.0
CAMELS-GB v2,CEH-GEAR,39004,2.3931102804688527,125,0.0
CAMELS-GB v2,CEH-GEAR,39005,1.4982794207165202,125,0.0
CAMELS-GB v2,CEH-GEAR,39006,1.567529296502643,125,0.0
CAMELS-GB v2,CEH-GEAR,39007,2.2118841293149565,125,0.0
CAMELS-GB v2,CEH-GEAR,39008,1.6203930806771434,125,0.0
CAMELS-GB v2,CEH-GEAR,39010,2.366501428436627,125,0.0
CAMELS-GB v2,CEH-GEAR,39011,2.6856666843126993,125,0.0
CAMELS-GB v2,CEH-GEAR,39012,1.5944216147303447,125,0.0
CAMELS-GB v2,CEH-GEAR,39014,2.5304398289860908,125,0.0
CAMELS-GB v2,CEH-GEAR,39015,2.5466818778708435,125,0.0
CAMELS-GB v2,CEH-GEAR,39016,2.6350211328891397,125,0.0
CAMELS-GB v2,CEH-GEAR,39017,2.3223089782227615,125,0.0
CAMELS-GB v2,CEH-GEAR,39019,2.4504896252940287,125,0.0
CAMELS-GB v2,CEH-GEAR,39020,2.5394341590285943,125,0.0
CAMELS-GB v2,CEH-GEAR,39021,1.440672435173911,125,0.0
CAMELS-GB v2,CEH-GEAR,39022,2.213684944913944,125,0.0
CAMELS-GB v2,CEH-GEAR,39023,2.5613466402884204,125,0.0
CAMELS-GB v2,CEH-GEAR,39025,2.401269456146342,125,0.0
CAMELS-GB v2,CEH-GEAR,39027,2.396421197742348,125,0.0
CAMELS-GB v2,CEH-GEAR,39028,2.4519267865948837,125,0.0
CAMELS-GB v2,CEH-GEAR,39029,2.470421956488089,125,0.0
CAMELS-GB v2,CEH-GEAR,39034,1.522108403671636,125,0.0
CAMELS-GB v2,CEH-GEAR,39035,1.64562093669214,125,0.0
CAMELS-GB v2,CEH-GEAR,39036,2.4604081862399654,125,0.0
CAMELS-GB v2,CEH-GEAR,39037,2.6040590888767325,125,0.0
CAMELS-GB v2,CEH-GEAR,39042,1.5447058892975114,125,0.0
CAMELS-GB v2,CEH-GEAR,39049,1.4484075930338747,125,0.0
CAMELS-GB v2,CEH-GEAR,39052,1.342611764091027,125,0.0
CAMELS-GB v2,CEH-GEAR,39054,2.778358790828798,125,0.0
CAMELS-GB v2,CEH-GEAR,39056,2.232484424675022,125,0.0
CAMELS-GB v2,CEH-GEAR,39061,2.287570944331858,125,0.0
CAMELS-GB v2,CEH-GEAR,39065,1.4409987746498965,125,0.0
CAMELS-GB v2,CEH-GEAR,39069,2.772317694458491,125,0.0
CAMELS-GB v2,CEH-GEAR,39072,2.750614574317875,125,0.0
CAMELS-GB v2,CEH-GEAR,39078,2.673895673285523,125,0.0
CAMELS-GB v2,CEH-GEAR,39081,2.354359167588705,125,0.0
CAMELS-GB v2,CEH-GEAR,39087,1.5281046207343327,125,0.0
CAMELS-GB v2,CEH-GEAR,39088,2.589062776637301,125,0.0
CAMELS-GB v2,CEH-GEAR,39095,1.8519189341707947,125,0.0
CAMELS-GB v2,CEH-GEAR,39099,1.5969057541562839,125,0.0
CAMELS-GB v2,CEH-GEAR,39101,2.5579151778764158,125,0.0
CAMELS-GB v2,CEH-GEAR,39105,2.499283383703634,125,0.0
CAMELS-GB v2,CEH-GEAR,39108,2.564853167000558,125,0.0
CAMELS-GB v2,CEH-GEAR,39114,1.5376799916738457,125,0.0
CAMELS-GB v2,CEH-GEAR,39120,2.666681653648556,125,0.0
CAMELS-GB v2,CEH-GEAR,39125,2.8944227614726774,125,0.0
CAMELS-GB v2,CEH-GEAR,39127,2.563305274754985,125,0.0
CAMELS-GB v2,CEH-GEAR,39141,2.6898933463366026,125,0.0
CAMELS-GB v2,CEH-GEAR,39142,2.2088163469678492,125,0.0
CAMELS-GB v2,CEH-GEAR,39143,1.4726949398828635,125,0.0
CAMELS-GB v2,CEH-GEAR,39144,1.4043227855253142,125,0.0
CAMELS-GB v2,CEH-GEAR,40003,2.74410236583825,125,0.0
CAMELS-GB v2,CEH-GEAR,40004,2.950019636386213,125,0.0
CAMELS-GB v2,CEH-GEAR,40005,2.5708747697937167,125,0.0
CAMELS-GB v2,CEH-GEAR,40006,2.3610509936800956,125,0.0
CAMELS-GB v2,CEH-GEAR,40007,2.848376594405264,125,0.0
CAMELS-GB v2,CEH-GEAR,40009,2.7700795357532835,125,0.0
CAMELS-GB v2,CEH-GEAR,40010,2.6230821124746915,125,0.0
CAMELS-GB v2,CEH-GEAR,40011,2.521396407705234,125,0.0
CAMELS-GB v2,CEH-GEAR,40012,2.126562034478497,125,0.0
CAMELS-GB v2,CEH-GEAR,40013,2.432678193815014,125,0.0
CAMELS-GB v2,CEH-GEAR,40016,2.0097638619122664,125,0.0
CAMELS-GB v2,CEH-GEAR,40017,2.9604705427496043,125,0.0
CAMELS-GB v2,CEH-GEAR,40018,2.16432662700132,125,0.0
CAMELS-GB v2,CEH-GEAR,4001,5.986244399167392,125,0.0
CAMELS-GB v2,CEH-GEAR,40020,2.8826339278022424,125,0.0
CAMELS-GB v2,CEH-GEAR,40021,2.794386401952905,125,0.0
CAMELS-GB v2,CEH-GEAR,40022,2.6675480856922804,125,0.0
CAMELS-GB v2,CEH-GEAR,40033,2.555806342215209,125,0.0
CAMELS-GB v2,CEH-GEAR,4003,4.201545021823776,125,0.0
CAMELS-GB v2,CEH-GEAR,4005,6.095451214533519,125,0.0
CAMELS-GB v2,CEH-GEAR,4006,5.964969950222589,125,0.0
CAMELS-GB v2,CEH-GEAR,41001,2.8984594290126187,125,0.0
CAMELS-GB v2,CEH-GEAR,41003,2.9802219345885037,125,0.0
CAMELS-GB v2,CEH-GEAR,41004,2.983680736169357,125,0.0
CAMELS-GB v2,CEH-GEAR,41005,2.851110145614094,125,0.0
CAMELS-GB v2,CEH-GEAR,41006,2.988546388443667,125,0.0
CAMELS-GB v2,CEH-GEAR,41009,2.8416150607197497,125,0.0
CAMELS-GB v2,CEH-GEAR,41011,2.7543360775909007,125,0.0
CAMELS-GB v2,CEH-GEAR,41012,2.825923953206048,125,0.0
CAMELS-GB v2,CEH-GEAR,41013,2.9427306335693837,125,0.0
CAMELS-GB v2,CEH-GEAR,41014,2.7424010385136395,125,0.0
CAMELS-GB v2,CEH-GEAR,41016,2.904250840572254,125,0.0
CAMELS-GB v2,CEH-GEAR,41019,2.693028821995667,125,0.0
CAMELS-GB v2,CEH-GEAR,41020,3.01242668630468,125,0.0
CAMELS-GB v2,CEH-GEAR,41022,2.774842570277925,125,0.0
CAMELS-GB v2,CEH-GEAR,41023,2.8495666950977663,125,0.0
CAMELS-GB v2,CEH-GEAR,41025,2.632605197333409,125,0.0
CAMELS-GB v2,CEH-GEAR,41027,2.6867086936562883,125,0.0
CAMELS-GB v2,CEH-GEAR,41028,2.8566933166607424,125,0.0
CAMELS-GB v2,CEH-GEAR,41029,2.9820456070313663,125,0.0
CAMELS-GB v2,CEH-GEAR,42001,2.879590562670672,125,0.0
CAMELS-GB v2,CEH-GEAR,42003,2.819261724946325,125,0.0
CAMELS-GB v2,CEH-GEAR,42004,2.599220123506326,125,0.0
CAMELS-GB v2,CEH-GEAR,42006,2.770307107786533,125,0.0
CAMELS-GB v2,CEH-GEAR,42008,2.693048505943335,125,0.0
CAMELS-GB v2,CEH-GEAR,42010,2.6797921303059735,125,0.0
CAMELS-GB v2,CEH-GEAR,42011,2.791437675417021,125,0.0
CAMELS-GB v2,CEH-GEAR,42016,2.682456855732283,125,0.0
CAMELS-GB v2,CEH-GEAR,42017,2.7487493387245525,125,0.0
CAMELS-GB v2,CEH-GEAR,42024,2.51722486065657,125,0.0
CAMELS-GB v2,CEH-GEAR,42026,2.5333300996578414,125,0.0
CAMELS-GB v2,CEH-GEAR,42027,2.544239341045216,125,0.0
CAMELS-GB v2,CEH-GEAR,43005,1.6499251212613812,125,0.0
CAMELS-GB v2,CEH-GEAR,43006,1.8311548795192707,125,0.0
CAMELS-GB v2,CEH-GEAR,43007,1.9562763912062056,125,0.0
CAMELS-GB v2,CEH-GEAR,43008,1.7674233877643388,125,0.0
CAMELS-GB v2,CEH-GEAR,43009,1.8591541897256556,125,0.0
CAMELS-GB v2,CEH-GEAR,43014,2.5477691805204876,125,0.0
CAMELS-GB v2,CEH-GEAR,43017,1.590255786137306,125,0.0
CAMELS-GB v2,CEH-GEAR,43018,1.9222044389688555,125,0.0
CAMELS-GB v2,CEH-GEAR,43021,1.8849206342008613,125,0.0
CAMELS-GB v2,CEH-GEAR,44001,2.7441568399203025,125,0.0
CAMELS-GB v2,CEH-GEAR,44002,3.053603837043934,125,0.0
CAMELS-GB v2,CEH-GEAR,44006,3.2359806508262126,125,0.0
CAMELS-GB v2,CEH-GEAR,44009,3.0396744376296447,125,0.0
CAMELS-GB v2,CEH-GEAR,44011,1.8392410598457065,125,0.0
CAMELS-GB v2,CEH-GEAR,45001,3.9875858496496774,125,0.0
CAMELS-GB v2,CEH-GEAR,45003,1.8679366437463654,125,0.0
CAMELS-GB v2,CEH-GEAR,45004,1.9393577932956494,125,0.0
CAMELS-GB v2,CEH-GEAR,45005,1.8936091565169915,125,0.0
CAMELS-GB v2,CEH-GEAR,45009,2.7795265442559107,125,0.0
CAMELS-GB v2,CEH-GEAR,45012,1.8849775587469355,125,0.0
CAMELS-GB v2,CEH-GEAR,46003,3.068177205826194,125,0.0
CAMELS-GB v2,CEH-GEAR,46005,3.0893970665677504,125,0.0
CAMELS-GB v2,CEH-GEAR,46008,2.766851453638141,125,0.0
CAMELS-GB v2,CEH-GEAR,46014,3.034604207651651,125,0.0
CAMELS-GB v2,CEH-GEAR,47001,2.1461207038019077,125,0.0
CAMELS-GB v2,CEH-GEAR,47004,2.161076979959861,125,0.0
CAMELS-GB v2,CEH-GEAR,47005,2.086506549159681,125,0.0
CAMELS-GB v2,CEH-GEAR,47008,2.089065834229481,125,0.0
CAMELS-GB v2,CEH-GEAR,47009,2.81714767307205,125,0.0
CAMELS-GB v2,CEH-GEAR,47011,2.7485119286684334,125,0.0
CAMELS-GB v2,CEH-GEAR,47014,2.882730689481207,125,0.0
CAMELS-GB v2,CEH-GEAR,47018,2.939161546857727,125,0.0
CAMELS-GB v2,CEH-GEAR,48003,1.9338696241420594,125,0.0
CAMELS-GB v2,CEH-GEAR,48004,2.052977190158124,125,0.0
CAMELS-GB v2,CEH-GEAR,48005,1.9022429409842332,125,0.0
CAMELS-GB v2,CEH-GEAR,48011,2.0994121386469686,125,0.0
CAMELS-GB v2,CEH-GEAR,49001,4.086885641191046,125,0.0
CAMELS-GB v2,CEH-GEAR,49002,2.40574936561357,125,0.0
CAMELS-GB v2,CEH-GEAR,49004,1.874664325794805,125,0.0
CAMELS-GB v2,CEH-GEAR,50001,1.9704213731502447,125,0.0
CAMELS-GB v2,CEH-GEAR,50002,4.293729225270291,125,0.0
CAMELS-GB v2,CEH-GEAR,50006,4.086988163186774,125,0.0
CAMELS-GB v2,CEH-GEAR,50007,4.1330342430083995,125,0.0
CAMELS-GB v2,CEH-GEAR,50008,2.0463269961919197,125,0.0
CAMELS-GB v2,CEH-GEAR,50011,2.945632067420563,125,0.0
CAMELS-GB v2,CEH-GEAR,5003,5.534639153883418,125,0.0
CAMELS-GB v2,CEH-GEAR,51001,1.8077186953799937,125,0.0
CAMELS-GB v2,CEH-GEAR,52004,2.2945990718311027,125,0.0
CAMELS-GB v2,CEH-GEAR,52005,2.528085696343366,125,0.0
CAMELS-GB v2,CEH-GEAR,52006,1.8361934786722631,125,0.0
CAMELS-GB v2,CEH-GEAR,52007,1.8274886528780463,125,0.0
CAMELS-GB v2,CEH-GEAR,52009,1.4551850248067348,125,0.0
CAMELS-GB v2,CEH-GEAR,52010,2.3186635973995795,125,0.0
CAMELS-GB v2,CEH-GEAR,52011,1.5500164217316732,125,0.0
CAMELS-GB v2,CEH-GEAR,52015,1.676899858244374,125,0.0
CAMELS-GB v2,CEH-GEAR,52016,1.703543315333776,125,0.0
CAMELS-GB v2,CEH-GEAR,53005,1.7206303115697827,125,0.0
CAMELS-GB v2,CEH-GEAR,53006,1.6067002075413506,125,0.0
CAMELS-GB v2,CEH-GEAR,53007,1.726762444500762,125,0.0
CAMELS-GB v2,CEH-GEAR,53008,1.6344733159338494,125,0.0
CAMELS-GB v2,CEH-GEAR,53009,1.7506958578993719,125,0.0
CAMELS-GB v2,CEH-GEAR,53013,1.5416195310653953,125,0.0
CAMELS-GB v2,CEH-GEAR,53017,1.572424758547652,125,0.0
CAMELS-GB v2,CEH-GEAR,53018,1.701421048881686,125,0.0
CAMELS-GB v2,CEH-GEAR,53022,1.699271445654165,125,0.0
CAMELS-GB v2,CEH-GEAR,53023,1.6209240890545475,125,0.0
CAMELS-GB v2,CEH-GEAR,53028,1.6155239349252104,125,0.0
CAMELS-GB v2,CEH-GEAR,54001,1.8852583483640413,125,0.0
CAMELS-GB v2,CEH-GEAR,54002,1.3705929134574044,125,0.0
CAMELS-GB v2,CEH-GEAR,54003,4.180274613250958,125,0.0
CAMELS-GB v2,CEH-GEAR,54004,1.2915643485173873,125,0.0
CAMELS-GB v2,CEH-GEAR,54005,4.121678135882705,125,0.0
CAMELS-GB v2,CEH-GEAR,54007,1.3315371125543043,125,0.0
CAMELS-GB v2,CEH-GEAR,54008,1.52141499646933,125,0.0
CAMELS-GB v2,CEH-GEAR,54011,1.2543380560741904,125,0.0
CAMELS-GB v2,CEH-GEAR,54012,1.504333361221418,125,0.0
CAMELS-GB v2,CEH-GEAR,54015,1.2513622440675316,125,0.0
CAMELS-GB v2,CEH-GEAR,54016,1.4904012150910455,125,0.0
CAMELS-GB v2,CEH-GEAR,54017,1.4076718148135363,125,0.0
CAMELS-GB v2,CEH-GEAR,54018,1.3374816542254013,125,0.0
CAMELS-GB v2,CEH-GEAR,54019,1.3121752812610936,125,0.0
CAMELS-GB v2,CEH-GEAR,54020,1.558421083709487,125,0.0
CAMELS-GB v2,CEH-GEAR,54022,4.567520340280798,125,0.0
CAMELS-GB v2,CEH-GEAR,54024,1.4339039219420646,125,0.0
CAMELS-GB v2,CEH-GEAR,54025,2.8614657394543346,125,0.0
CAMELS-GB v2,CEH-GEAR,54027,1.6305545712413796,125,0.0
CAMELS-GB v2,CEH-GEAR,54028,3.9866774109974137,125,0.0
CAMELS-GB v2,CEH-GEAR,54029,1.4970008219371453,125,0.0
CAMELS-GB v2,CEH-GEAR,54032,1.826862434677792,125,0.0
CAMELS-GB v2,CEH-GEAR,54034,1.278479381401595,125,0.0
CAMELS-GB v2,CEH-GEAR,54036,2.0462212768169272,125,0.0
CAMELS-GB v2,CEH-GEAR,54038,2.804897380396027,125,0.0
CAMELS-GB v2,CEH-GEAR,54044,1.5104617394879425,125,0.0
CAMELS-GB v2,CEH-GEAR,54048,1.3098892423395119,125,0.0
CAMELS-GB v2,CEH-GEAR,54049,1.3240320177285492,125,0.0
CAMELS-GB v2,CEH-GEAR,54052,1.4791939194730395,125,0.0
CAMELS-GB v2,CEH-GEAR,54057,1.7889016444304575,125,0.0
CAMELS-GB v2,CEH-GEAR,54060,1.3975008406227318,125,0.0
CAMELS-GB v2,CEH-GEAR,54063,1.403254402420675,125,0.0
CAMELS-GB v2,CEH-GEAR,54080,3.83254626379565,125,0.0
CAMELS-GB v2,CEH-GEAR,54095,1.917431735841284,125,0.0
CAMELS-GB v2,CEH-GEAR,54096,1.2525072535407025,125,0.0
CAMELS-GB v2,CEH-GEAR,55002,2.9109379139866136,125,0.0
CAMELS-GB v2,CEH-GEAR,55007,2.9780157853419498,125,0.0
CAMELS-GB v2,CEH-GEAR,55008,4.702924246816792,125,0.0
CAMELS-GB v2,CEH-GEAR,55013,1.629610803143609,125,0.0
CAMELS-GB v2,CEH-GEAR,55014,2.5611264056800445,125,0.0
CAMELS-GB v2,CEH-GEAR,55016,2.7939957402688957,125,0.0
CAMELS-GB v2,CEH-GEAR,55018,1.3448139743604046,125,0.0
CAMELS-GB v2,CEH-GEAR,55021,2.161488380109773,125,0.0
CAMELS-GB v2,CEH-GEAR,55023,2.7203702799619425,125,0.0
CAMELS-GB v2,CEH-GEAR,55025,1.993554239015736,125,0.0
CAMELS-GB v2,CEH-GEAR,55026,4.867326882304136,125,0.0
CAMELS-GB v2,CEH-GEAR,55029,1.8673481304896498,125,0.0
CAMELS-GB v2,CEH-GEAR,55032,4.933913915119714,125,0.0
CAMELS-GB v2,CEH-GEAR,56001,2.9188550634620305,125,0.0
CAMELS-GB v2,CEH-GEAR,56002,2.872966199034864,125,0.0
CAMELS-GB v2,CEH-GEAR,56007,2.8609368366588925,125,0.0
CAMELS-GB v2,CEH-GEAR,56012,1.9778502115212322,125,0.0
CAMELS-GB v2,CEH-GEAR,56013,2.7427963290659805,125,0.0
CAMELS-GB v2,CEH-GEAR,57004,3.0032630172407835,125,0.0
CAMELS-GB v2,CEH-GEAR,57005,2.9542169240314635,125,0.0
CAMELS-GB v2,CEH-GEAR,57006,2.8726555812230554,125,0.0
CAMELS-GB v2,CEH-GEAR,57007,3.045443364403831,125,0.0
CAMELS-GB v2,CEH-GEAR,57008,2.94466801812602,125,0.0
CAMELS-GB v2,CEH-GEAR,57009,2.9807878149182416,125,0.0
CAMELS-GB v2,CEH-GEAR,58001,2.6624495609117202,125,0.0
CAMELS-GB v2,CEH-GEAR,58002,2.8201536934423346,125,0.0
CAMELS-GB v2,CEH-GEAR,58006,2.8555473353261593,125,0.0
CAMELS-GB v2,CEH-GEAR,58008,2.6827910383723244,125,0.0
CAMELS-GB v2,CEH-GEAR,58009,2.997162247975245,125,0.0
CAMELS-GB v2,CEH-GEAR,58010,2.8371594236213684,125,0.0
CAMELS-GB v2,CEH-GEAR,58012,2.687195030638143,125,0.0
CAMELS-GB v2,CEH-GEAR,59001,2.799192656694413,125,0.0
CAMELS-GB v2,CEH-GEAR,60002,2.740914993723549,125,0.0
CAMELS-GB v2,CEH-GEAR,60003,2.552342976927582,125,0.0
CAMELS-GB v2,CEH-GEAR,60005,3.2117075085364544,125,0.0
CAMELS-GB v2,CEH-GEAR,60006,2.65376514461292,125,0.0
CAMELS-GB v2,CEH-GEAR,60010,2.782610691111846,125,0.0
CAMELS-GB v2,CEH-GEAR,60012,2.7158771980302543,125,0.0
CAMELS-GB v2,CEH-GEAR,6007,6.029334511020054,125,0.0
CAMELS-GB v2,CEH-GEAR,6008,4.6088425429070545,125,0.0
CAMELS-GB v2,CEH-GEAR,61001,2.4414065777824367,125,0.0
CAMELS-GB v2,CEH-GEAR,61002,2.518831897482046,125,0.0
CAMELS-GB v2,CEH-GEAR,62001,2.724118228694071,125,0.0
CAMELS-GB v2,CEH-GEAR,63001,6.123750315553746,125,0.0
CAMELS-GB v2,CEH-GEAR,63004,6.111735799444747,125,0.0
CAMELS-GB v2,CEH-GEAR,64001,4.013293955519855,125,0.0
CAMELS-GB v2,CEH-GEAR,64002,5.672194436021658,125,0.0
CAMELS-GB v2,CEH-GEAR,64006,3.766118663287552,125,0.0
CAMELS-GB v2,CEH-GEAR,65001,2.51537425086808,125,0.0
CAMELS-GB v2,CEH-GEAR,65004,2.546945120001754,125,0.0
CAMELS-GB v2,CEH-GEAR,65005,2.3501438586391417,125,0.0
CAMELS-GB v2,CEH-GEAR,65006,2.6769997012366824,125,0.0
CAMELS-GB v2,CEH-GEAR,65007,1.8826524515750414,125,0.0
CAMELS-GB v2,CEH-GEAR,65008,2.6807924547105433,125,0.0
CAMELS-GB v2,CEH-GEAR,66001,1.7588504416600195,125,0.0
CAMELS-GB v2,CEH-GEAR,66004,1.5238032262684724,125,0.0
CAMELS-GB v2,CEH-GEAR,66006,2.4980141061849808,125,0.0
CAMELS-GB v2,CEH-GEAR,66011,2.906543187696504,125,0.0
CAMELS-GB v2,CEH-GEAR,67001,2.962896651173087,125,0.0
CAMELS-GB v2,CEH-GEAR,67005,2.035370324187643,125,0.0
CAMELS-GB v2,CEH-GEAR,67006,2.7457710794004706,125,0.0
CAMELS-GB v2,CEH-GEAR,67008,1.6326471580476603,125,0.0
CAMELS-GB v2,CEH-GEAR,67010,2.8613277395391523,125,0.0
CAMELS-GB v2,CEH-GEAR,67015,2.9864970573733385,125,0.0
CAMELS-GB v2,CEH-GEAR,67018,3.927935957750631,125,0.0
CAMELS-GB v2,CEH-GEAR,67025,1.6264411680618762,125,0.0
CAMELS-GB v2,CEH-GEAR,67033,2.0762289892459593,125,0.0
CAMELS-GB v2,CEH-GEAR,68001,1.5515589123511488,125,0.0
CAMELS-GB v2,CEH-GEAR,68003,3.5911044458435457,125,0.0
CAMELS-GB v2,CEH-GEAR,68004,1.5304569327159216,125,0.0
CAMELS-GB v2,CEH-GEAR,68005,1.5313573951380954,125,0.0
CAMELS-GB v2,CEH-GEAR,68020,1.5066309286801498,125,0.0
CAMELS-GB v2,CEH-GEAR,69002,4.135890833975835,125,0.0
CAMELS-GB v2,CEH-GEAR,69007,2.2973787296904367,125,0.0
CAMELS-GB v2,CEH-GEAR,69012,3.561466841734356,125,0.0
CAMELS-GB v2,CEH-GEAR,69015,2.248581703169601,125,0.0
CAMELS-GB v2,CEH-GEAR,69017,4.123262431805473,125,0.0
CAMELS-GB v2,CEH-GEAR,69023,3.9883066423599343,125,0.0
CAMELS-GB v2,CEH-GEAR,69027,1.7982565541075082,125,0.0
CAMELS-GB v2,CEH-GEAR,69030,2.215599510614788,125,0.0
CAMELS-GB v2,CEH-GEAR,69032,1.6426892075977908,125,0.0
CAMELS-GB v2,CEH-GEAR,69043,3.1165325788716283,125,0.0
CAMELS-GB v2,CEH-GEAR,70002,3.078525962344123,125,0.0
CAMELS-GB v2,CEH-GEAR,7001,4.066526160847392,125,0.0
CAMELS-GB v2,CEH-GEAR,7002,3.710888686848953,125,0.0
CAMELS-GB v2,CEH-GEAR,7003,2.1506947253628215,125,0.0
CAMELS-GB v2,CEH-GEAR,7005,2.0408052251946693,125,0.0
CAMELS-GB v2,CEH-GEAR,7006,1.5509336333265742,125,0.0
CAMELS-GB v2,CEH-GEAR,71001,4.173219458692991,125,0.0
CAMELS-GB v2,CEH-GEAR,71004,4.019972976390253,125,0.0
CAMELS-GB v2,CEH-GEAR,71006,4.0963599879016614,125,0.0
CAMELS-GB v2,CEH-GEAR,71008,4.013438493414507,125,0.0
CAMELS-GB v2,CEH-GEAR,71014,3.202713291954741,125,0.0
CAMELS-GB v2,CEH-GEAR,72002,3.2410011562136085,125,0.0
CAMELS-GB v2,CEH-GEAR,72004,2.7490824563770615,125,0.0
CAMELS-GB v2,CEH-GEAR,72005,2.7933949124313147,125,0.0
CAMELS-GB v2,CEH-GEAR,72007,3.2582648377573866,125,0.0
CAMELS-GB v2,CEH-GEAR,72009,2.6672193316536865,125,0.0
CAMELS-GB v2,CEH-GEAR,72014,3.2864283628146342,125,0.0
CAMELS-GB v2,CEH-GEAR,72015,2.8292599798621256,125,0.0
CAMELS-GB v2,CEH-GEAR,73005,2.689548235064341,125,0.0
CAMELS-GB v2,CEH-GEAR,73009,2.793610360247529,125,0.0
CAMELS-GB v2,CEH-GEAR,73010,2.7866330015443435,125,0.0
CAMELS-GB v2,CEH-GEAR,73011,2.612729531744771,125,0.0
CAMELS-GB v2,CEH-GEAR,73014,2.7353172849880485,125,0.0
CAMELS-GB v2,CEH-GEAR,73015,3.266344305868038,125,0.0
CAMELS-GB v2,CEH-GEAR,74001,2.4873245882675175,125,0.0
CAMELS-GB v2,CEH-GEAR,74005,2.416035347602897,125,0.0
CAMELS-GB v2,CEH-GEAR,74006,2.3556788488147635,125,0.0
CAMELS-GB v2,CEH-GEAR,74007,2.476713912003777,125,0.0
CAMELS-GB v2,CEH-GEAR,75003,2.9893347514533355,125,0.0
CAMELS-GB v2,CEH-GEAR,75004,2.6881244672423685,125,0.0
CAMELS-GB v2,CEH-GEAR,75017,2.4100732714186828,125,0.0
CAMELS-GB v2,CEH-GEAR,76003,3.1829444231218638,125,0.0
CAMELS-GB v2,CEH-GEAR,76005,2.8374092354548224,125,0.0
CAMELS-GB v2,CEH-GEAR,76007,2.8992703985870656,125,0.0
CAMELS-GB v2,CEH-GEAR,76008,4.130443236088409,125,0.0
CAMELS-GB v2,CEH-GEAR,76011,6.953538197028364,125,0.0
CAMELS-GB v2,CEH-GEAR,76014,2.8212560580824495,125,0.0
CAMELS-GB v2,CEH-GEAR,77002,2.8443108458684403,125,0.0
CAMELS-GB v2,CEH-GEAR,77003,2.783798162057113,125,0.0
CAMELS-GB v2,CEH-GEAR,77004,2.526480418121742,125,0.0
CAMELS-GB v2,CEH-GEAR,78003,2.658649377688944,125,0.0
CAMELS-GB v2,CEH-GEAR,78004,2.6376725492352793,125,0.0
CAMELS-GB v2,CEH-GEAR,78006,2.8262823349642927,125,0.0
CAMELS-GB v2,CEH-GEAR,79002,3.1153775561518193,125,0.0
CAMELS-GB v2,CEH-GEAR,79003,4.522837493510921,125,0.0
CAMELS-GB v2,CEH-GEAR,79004,2.845788238283795,125,0.0
CAMELS-GB v2,CEH-GEAR,79005,2.687041974371273,125,0.0
CAMELS-GB v2,CEH-GEAR,79006,4.428789022876359,125,0.0
CAMELS-GB v2,CEH-GEAR,80001,2.646093239739356,125,0.0
CAMELS-GB v2,CEH-GEAR,80002,3.003379844266747,125,0.0
CAMELS-GB v2,CEH-GEAR,80003,2.7370582112955693,125,0.0
CAMELS-GB v2,CEH-GEAR,80004,2.747834239239953,125,0.0
CAMELS-GB v2,CEH-GEAR,80005,2.7560614714384855,125,0.0
CAMELS-GB v2,CEH-GEAR,80006,2.760639885563083,125,0.0
CAMELS-GB v2,CEH-GEAR,8004,5.047177852639077,125,0.0
CAMELS-GB v2,CEH-GEAR,8005,4.850203163662234,125,0.0
CAMELS-GB v2,CEH-GEAR,8006,6.906609618268997,125,0.0
CAMELS-GB v2,CEH-GEAR,8009,3.111691146321933,125,0.0
CAMELS-GB v2,CEH-GEAR,8011,3.9029722309582615,125,0.0
CAMELS-GB v2,CEH-GEAR,8013,3.690031088299629,125,0.0
CAMELS-GB v2,CEH-GEAR,81002,4.110446456994751,125,0.0
CAMELS-GB v2,CEH-GEAR,81003,2.4905684897086244,125,0.0
CAMELS-GB v2,CEH-GEAR,81004,2.5112140435622514,125,0.0
CAMELS-GB v2,CEH-GEAR,81006,4.163279971322488,125,0.0
CAMELS-GB v2,CEH-GEAR,81007,2.5448726375998523,125,0.0
CAMELS-GB v2,CEH-GEAR,82001,4.072391233388223,125,0.0
CAMELS-GB v2,CEH-GEAR,82003,4.07586342385503,125,0.0
CAMELS-GB v2,CEH-GEAR,83003,4.597788530048768,125,0.0
CAMELS-GB v2,CEH-GEAR,83004,4.538658933649747,125,0.0
CAMELS-GB v2,CEH-GEAR,83006,4.473804239225762,125,0.0
CAMELS-GB v2,CEH-GEAR,83007,3.4646108537740967,125,0.0
CAMELS-GB v2,CEH-GEAR,83009,4.028735473042113,125,0.0
CAMELS-GB v2,CEH-GEAR,83010,3.7999521480380127,125,0.0
CAMELS-GB v2,CEH-GEAR,83013,4.187836527843572,125,0.0
CAMELS-GB v2,CEH-GEAR,84001,2.6680452687067575,125,0.0
CAMELS-GB v2,CEH-GEAR,84004,2.8829969488359084,125,0.0
CAMELS-GB v2,CEH-GEAR,84005,2.89025491720536,125,0.0
CAMELS-GB v2,CEH-GEAR,84008,2.8315407530757373,125,0.0
CAMELS-GB v2,CEH-GEAR,84009,4.045956187487736,125,0.0
CAMELS-GB v2,CEH-GEAR,84012,2.733697183906707,125,0.0
CAMELS-GB v2,CEH-GEAR,84013,2.8898891230754145,125,0.0
CAMELS-GB v2,CEH-GEAR,84014,2.877486986015056,125,0.0
CAMELS-GB v2,CEH-GEAR,84016,2.5110643963844512,125,0.0
CAMELS-GB v2,CEH-GEAR,84017,3.63860941893112,125,0.0
CAMELS-GB v2,CEH-GEAR,84018,2.904013260031855,125,0.0
CAMELS-GB v2,CEH-GEAR,84019,2.4872060315950804,125,0.0
CAMELS-GB v2,CEH-GEAR,84020,3.9823478096891876,125,0.0
CAMELS-GB v2,CEH-GEAR,84022,4.483623332514959,125,0.0
CAMELS-GB v2,CEH-GEAR,84026,2.972703896338597,125,0.0
CAMELS-GB v2,CEH-GEAR,84030,2.7501714250127494,125,0.0
CAMELS-GB v2,CEH-GEAR,85001,4.938264190670239,125,0.0
CAMELS-GB v2,CEH-GEAR,85002,4.228413349963159,125,0.0
CAMELS-GB v2,CEH-GEAR,85003,5.104867577452844,125,0.0
CAMELS-GB v2,CEH-GEAR,85004,4.932479935185365,125,0.0
CAMELS-GB v2,CEH-GEAR,88001,2.618182049921473,125,0.0
CAMELS-GB v2,CEH-GEAR,89002,5.7559617053486924,125,0.0
CAMELS-GB v2,CEH-GEAR,89003,5.601104102186756,125,0.0
CAMELS-GB v2,CEH-GEAR,89005,11.406656027165326,125,0.0
CAMELS-GB v2,CEH-GEAR,89007,8.258603796813276,125,0.0
CAMELS-GB v2,CEH-GEAR,90003,5.523040426629314,125,0.0
CAMELS-GB v2,CEH-GEAR,9002,1.7197208133136215,125,0.0
CAMELS-GB v2,CEH-GEAR,9003,1.6063829560916467,125,0.0
CAMELS-GB v2,CEH-GEAR,9004,1.7079724588487537,125,0.0
CAMELS-GB v2,CEH-GEAR,9005,1.805027753409884,125,0.0
CAMELS-GB v2,CEH-GEAR,92001,12.193645944119165,125,0.0
CAMELS-GB v2,CEH-GEAR,93001,12.44650035976284,125,0.0
CAMELS-GB v2,CEH-GEAR,94001,5.678758840306059,125,0.0
CAMELS-GB v2,CEH-GEAR,95001,5.351600282679319,125,0.0
CAMELS-GB v2,CEH-GEAR,96001,2.716449140899395,125,0.0
CAMELS-GB v2,CEH-GEAR,96002,7.708165980329775,125,0.0
CAMELS-GB v2,CEH-GEAR,96004,5.237489827168061,125,0.0
CAMELS-GB v2,CEH-GEAR,97002,5.55178369750285,125,0.0
