gauge_id,model_type,delta_512_minus_128_eval_nse,delta_512_minus_128_eval_kge,delta_512_minus_128_beta_de_distance
1001,rrmpg_hbvedu,0.01232236493159189,0.01903547315817944,0.0005787753932772199
2001,rrmpg_hbvedu,0.004383426100869059,0.005582135560348256,0.13840839229984614
4001,rrmpg_gr4j,0.07505863857362632,0.0196766623039466,0.026736746104414788
4001,rrmpg_hbvedu,0.08243738255155308,0.03618977752853825,0.0154065754603393
4003,rrmpg_hbvedu,0.033857754579301624,0.005216778036537417,-0.03593430534692277
5003,rrmpg_gr4j,-0.017987410439488427,0.01214788519055443,0.06005943009053659
5003,rrmpg_hbvedu,-0.004088488907578514,-0.0017681944347428535,0.031542527294368905
6007,rrmpg_gr4j,-0.09469383999630404,-0.02786867952852945,0.26985587617946893
6007,rrmpg_hbvedu,0.03705411782796275,0.016537493020289395,-0.07929472951661887
6008,rrmpg_hbvedu,0.009883759276797188,-0.02003688081880095,-0.04087198081413623
7002,rrmpg_hbvedu,0.01706577890043187,0.000830698647822592,-0.08343371092249818
7003,rrmpg_gr4j,0.07582932766413619,0.0366168320289143,-0.20456648641407005
7003,rrmpg_hbvedu,-0.00789134069978309,-0.00802863507202023,-0.012305799605778489
7005,rrmpg_gr4j,0.037918206238697905,-0.02344375115468808,-0.176346574973822
7005,rrmpg_hbvedu,-0.03697639359460653,-0.02844587257939346,-0.12338401899261053
7006,rrmpg_gr4j,-0.1862055036787247,-0.13929420449506139,0.003280837060699593
7006,rrmpg_hbvedu,-0.01495697196882162,-0.0038139660508147433,0.03575958842233229
8005,rrmpg_gr4j,-0.08590724054783719,-0.022417619636678376,0.2628920787336022
8005,rrmpg_hbvedu,0.048466103248152204,0.022538430581283797,-0.09254458714745195
8006,rrmpg_hbvedu,-0.004607300348976107,0.004312751536837078,-0.07000822818666919
8011,rrmpg_gr4j,0.060943100410597806,0.12530751805391313,0.0520171221620951
8011,rrmpg_hbvedu,0.032154607972523286,0.014951228353627333,0.029438220358956796
9002,rrmpg_gr4j,0.1606943033479854,0.14234999287331523,0.11614454912726149
9002,rrmpg_hbvedu,-0.007982087916588665,-0.002212934780054021,-0.02983139828176179
9003,rrmpg_gr4j,0.14755454960699038,0.16558496085019347,-0.16611672768423363
9003,rrmpg_hbvedu,0.0217524830220574,-0.0020992306341289235,-0.23738734875759732
9004,rrmpg_gr4j,-0.07347095855418861,-0.0013488166972684956,0.030948614906110894
9004,rrmpg_hbvedu,-0.05735834867893619,-0.01860368878105856,-0.2679786022515878
9005,rrmpg_hbvedu,0.0043128949572948105,-0.0008622363135039057,-0.010556039617528934
10002,rrmpg_gr4j,0.14829578647288072,0.14035849580062026,-0.07028072485150952
10002,rrmpg_hbvedu,0.011643440006856909,0.020777296355194208,0.09703012687414586
10003,rrmpg_gr4j,-0.07050480701707462,-0.059075284435937125,0.1437557375861862
10003,rrmpg_hbvedu,0.052157376900630936,0.01897754061546708,-0.04877056313565972
11001,rrmpg_gr4j,-0.004284640799138317,0.05312405201986725,-0.5832696936842565
11001,rrmpg_hbvedu,0.02769471531363421,0.013479155263488418,0.008301348945987996
11003,rrmpg_gr4j,0.06446347938409622,0.022114472028448906,-0.23812628138389869
11004,rrmpg_gr4j,0.1055975866244575,0.05543975768978482,0.0157172008418682
11004,rrmpg_hbvedu,-0.05254091967528973,-0.022738355135864308,-0.018149914706015124
12001,rrmpg_gr4j,0.08462650424156837,0.0938913185091646,0.022069349968450114
12001,rrmpg_hbvedu,-0.026924322822411084,0.007991254544194415,0.0830605849162439
12002,rrmpg_gr4j,-0.1170579141632804,-0.0608618083937989,0.2171033075897853
12002,rrmpg_hbvedu,-0.0030814553846291726,0.009057150045473805,0.1507680949349075
12005,rrmpg_gr4j,-0.01223305681238318,-0.0035501254243202607,0.0671296334225426
12006,rrmpg_hbvedu,-0.06633843691423968,-0.01971944166682904,0.07833115497647264
12007,rrmpg_gr4j,-0.1755496522705174,-0.1984443289203523,0.10002048112444129
12008,rrmpg_gr4j,0.10274432267859573,0.10401661862043299,-0.01742841307948989
12008,rrmpg_hbvedu,3.2585944550189705e-05,-0.0005115301397057848,0.07038052458988159
12009,rrmpg_gr4j,0.0637115810484189,0.1090641415845478,-0.11969886390752699
12009,rrmpg_hbvedu,-0.017098774358382418,-0.003729848945219605,0.19521493698276238
13001,rrmpg_gr4j,0.07712575896608101,0.07226488372179868,0.2385093949051758
13001,rrmpg_hbvedu,-0.010414803805312511,-0.02113136271827809,0.015918537884817452
13004,rrmpg_gr4j,0.06947067555404418,0.03919156094196008,0.07573768827596039
13004,rrmpg_hbvedu,-0.0012056558849963261,0.0042257573533969195,-0.0009145712434565079
13005,rrmpg_gr4j,-0.058075852135655026,0.008519085684121575,0.09043453556145442
13007,rrmpg_gr4j,-0.11002983300921276,0.051416957757212,0.09183630788283721
13007,rrmpg_hbvedu,0.015859390608189472,-0.008577911962631468,-0.14698423278779527
13008,rrmpg_gr4j,0.2280973505106827,0.028637955091175282,0.058465857271405075
13008,rrmpg_hbvedu,0.07737713571436988,0.0026513315212983724,0.10058075048026688
14001,rrmpg_gr4j,-0.02763958249609677,-0.019912481887259803,-0.0038667840760663874
14001,rrmpg_hbvedu,-0.03608545717554018,-0.012508819216718647,-0.1776950878686094
14002,rrmpg_gr4j,0.09399167379823829,0.2554687712444861,-0.16161480542346174
14002,rrmpg_hbvedu,-0.07442582493110719,-0.021656573642527155,0.040896398779211585
14005,rrmpg_gr4j,0.22790083213379048,0.24900113817301184,-0.014684587669802074
14005,rrmpg_hbvedu,0.006263154908902835,0.003683890041527027,-0.6270505359770787
15006,rrmpg_gr4j,0.018804599772537678,-0.06226966506094467,-0.024517707869873895
15006,rrmpg_hbvedu,0.030978253281532142,0.009588873280022003,-0.12168364518975888
15007,rrmpg_gr4j,0.08489730637875037,0.023933757129678046,-0.07263165308285191
15007,rrmpg_hbvedu,-0.0243072046563807,-0.01073867537082518,-0.011994924774137494
15010,rrmpg_gr4j,0.08863399905559538,0.03197653337104489,-0.06597817515249177
15010,rrmpg_hbvedu,0.014909767870048607,0.0066252641286743685,0.22743783211425372
15011,rrmpg_gr4j,0.06584615529583043,0.08815765659793862,-0.0803315797215416
15011,rrmpg_hbvedu,0.019900126328194878,0.01220551268799297,0.09749284774156022
15012,rrmpg_gr4j,-0.12083102331456552,-0.01077683333718138,0.33002462720656534
15012,rrmpg_hbvedu,0.025923221449492218,0.013000211152624841,0.05133159262318793
15013,rrmpg_gr4j,-0.15531518253520937,-0.16028002724411772,0.11313271553951751
15013,rrmpg_hbvedu,-0.0019167478702674101,0.010955874768242502,0.050593770041540476
15014,rrmpg_gr4j,-0.0181322452017105,-0.0412780267135851,-0.08998252750015459
15014,rrmpg_hbvedu,0.03178216208640677,0.008289376674992799,0.14024112169119418
15016,rrmpg_gr4j,0.026012798905719725,0.011243994964726056,-0.17048044480149205
15016,rrmpg_hbvedu,0.028747574584769064,0.012790031111014843,0.06341422888257653
15021,rrmpg_gr4j,0.0426283394040291,-0.0002406453777846762,0.1935077325206856
15021,rrmpg_hbvedu,0.0024855126775068515,0.029363643426536745,0.0579986812050782
15023,rrmpg_gr4j,-0.0755628007260288,-0.0654821740288522,0.1366550932685541
15023,rrmpg_hbvedu,-0.020055670545330195,-0.016539768242005315,-0.1369705638666469
15024,rrmpg_gr4j,-0.05610486055800529,0.025305373721431046,0.11348121110495923
15024,rrmpg_hbvedu,0.01235524723876752,0.009705234734263324,0.09755984623238811
15025,rrmpg_gr4j,-0.07846448688915311,-0.15232671088782151,0.16681501951952848
15025,rrmpg_hbvedu,0.02906293902786311,0.01510796208865689,0.025055462326726702
15030,rrmpg_gr4j,-0.015579163597953916,-0.03416294011508891,0.044820101292522674
15030,rrmpg_hbvedu,0.006499706121267934,0.004450637186038775,0.0744075969851965
16001,rrmpg_gr4j,-0.056454694565488295,-0.009481116594897587,-0.13546462661268618
16001,rrmpg_hbvedu,0.013490779517046303,0.007388377998700069,-0.2467454448017158
16003,rrmpg_hbvedu,-0.007040285640728505,-0.021237726134737622,-0.017463411909092313
16004,rrmpg_gr4j,-0.1362526118295153,-0.08446977343972462,-0.057647601870498694
16004,rrmpg_hbvedu,0.0009619598608242574,0.0008210524602845215,0.015891009242283483
17001,rrmpg_hbvedu,0.011927877117392904,0.013748909826389877,0.12618011000537094
17003,rrmpg_gr4j,-0.04195170143013921,-0.05607629396961372,-0.343374819273574
17003,rrmpg_hbvedu,-0.0014672382388971061,0.0015640267196100899,0.010633638266380863
17004,rrmpg_gr4j,-0.4620886999966609,-0.38067670947667454,0.044860057960345895
17004,rrmpg_hbvedu,0.017582524263737742,0.009882308680872587,-0.13571062799468603
17005,rrmpg_hbvedu,0.018692641162345203,0.03460614514865934,0.1196086535604527
17015,rrmpg_gr4j,-0.24522987559619278,-0.13277883844068372,-0.34155522546199896
17015,rrmpg_hbvedu,0.01426105111300624,0.025383942699026107,0.027114327904667723
17018,rrmpg_gr4j,-0.09795593844521988,-0.03722402741769626,-0.1036455467983613
17018,rrmpg_hbvedu,0.0383321654998868,0.015169639787660394,0.0713337166687657
18001,rrmpg_hbvedu,-1.626061696652359e-05,-0.009297864085274554,0.04045892172392873
18002,rrmpg_gr4j,0.054851645507982105,0.03621248519359932,-0.5871998991055563
18002,rrmpg_hbvedu,-0.009534360060587721,-0.0018100221568286834,0.0958583720595885
18003,rrmpg_gr4j,-7.514458847179828e-05,0.0012417245786638942,0.08869654432458973
18003,rrmpg_hbvedu,-0.001784758703891165,-0.01714828515630229,0.020954890611589283
18008,rrmpg_gr4j,0.044815409662979866,-0.023319828100055284,-0.16668284118841692
18008,rrmpg_hbvedu,0.0071777361663302175,0.010215306383978495,-0.012771385845607774
18010,rrmpg_gr4j,-0.017709100076689688,-0.0143358216449756,-0.10499415100973541
18010,rrmpg_hbvedu,-0.004192227703002538,0.0021460726906775696,0.007453151939256886
18011,rrmpg_gr4j,0.11140970455161053,0.05115607340863981,0.1562651593638309
18011,rrmpg_hbvedu,0.005624898472213813,-0.0010448633383505213,0.05101875419392288
18014,rrmpg_gr4j,-0.059705757084245026,-0.014640624841881889,0.24797635124922862
18014,rrmpg_hbvedu,0.016450546771294372,0.005491185521375286,-0.1713173497260166
19001,rrmpg_hbvedu,0.025176176289309793,0.018349310498417593,-0.05102277303235747
19006,rrmpg_gr4j,-0.3966554907055509,-0.3552496021983586,-0.7661191373819897
19006,rrmpg_hbvedu,0.016570510137083105,0.014587271801815183,-0.0072744205815375995
19010,rrmpg_gr4j,-0.008155051911034661,0.020804378653259126,0.0430438613344494
19010,rrmpg_hbvedu,-0.01859274924600668,0.003152833177986869,-0.032499886711313986
19017,rrmpg_gr4j,-0.09912443707194019,-0.19950241821672368,0.0014997983328670084
19017,rrmpg_hbvedu,0.019142189540853394,0.032880433684720045,0.08029300781639581
19020,rrmpg_hbvedu,0.001734225722739624,-0.032263805667100076,0.016152535109144717
20002,rrmpg_hbvedu,0.03192288074852723,0.05301457682175115,-0.17476942219612968
20003,rrmpg_gr4j,0.021310206351819905,0.011530190163716147,0.3737986048813557
20003,rrmpg_hbvedu,-0.021897855987788095,-0.06042412134521974,-0.24930239800390064
20007,rrmpg_gr4j,-0.2961749603096574,-0.3190507748515344,-0.5890313479069305
21003,rrmpg_gr4j,-0.06424747434679046,-0.034881974824552464,-0.48682648774089415
21003,rrmpg_hbvedu,0.018517606851434387,0.0077270032336487215,0.019239473226075
21006,rrmpg_gr4j,-0.08895731136018792,-0.06014618634860169,0.16284195007524577
21006,rrmpg_hbvedu,0.0011057624999950555,0.003240502052987315,0.07145305048489209
21008,rrmpg_gr4j,0.034122818233711605,0.03317195203592188,0.021378733797337707
21008,rrmpg_hbvedu,0.0005596989501004401,-0.030550500281559367,-0.1058548102369608
21009,rrmpg_gr4j,0.2932071233662008,0.23049098951532582,0.34910441909441037
21009,rrmpg_hbvedu,0.017003712427105744,0.003714294042865718,-0.006665964670290625
21011,rrmpg_gr4j,-0.18659461110833542,-0.20242418874476464,0.03499710048277438
21011,rrmpg_hbvedu,-0.004057487433198836,0.002244341062516364,0.0613829767304761
21012,rrmpg_gr4j,0.03908968108831101,0.03283282595228065,-0.1508002366875158
21012,rrmpg_hbvedu,0.021606752199454515,0.009853887258114424,0.1563981707350802
21013,rrmpg_gr4j,0.2068818787605574,0.16476387446788904,0.2277508302866789
21013,rrmpg_hbvedu,-0.014391793100042793,-0.004371446146045899,-0.003779913061856488
21015,rrmpg_gr4j,-0.5605456018294657,-0.5376912427914061,0.2118045021505689
21015,rrmpg_hbvedu,-0.012189204086856364,0.007038149728800902,0.06364295624062966
21016,rrmpg_gr4j,-0.05348106100297789,-0.07591001651329249,-0.1901199249232535
21016,rrmpg_hbvedu,0.013115376951001512,0.035550155995111576,-0.032428609950981846
21017,rrmpg_hbvedu,-0.001564581621651906,-0.009595789206249039,-0.038746965349699514
21018,rrmpg_gr4j,-0.0524441135971781,-0.06183127651344128,-0.022942945658313896
21018,rrmpg_hbvedu,-0.023020499288569307,-0.0004141391908608627,0.12110690645802552
21022,rrmpg_gr4j,0.41597066704258634,0.30938503866354483,0.2343279112802524
21022,rrmpg_hbvedu,-0.004251415446611395,-0.008266324957278748,0.0011543931858482015
21023,rrmpg_gr4j,-0.2573295772970673,-0.4517696470628805,-0.09487745372928691
21023,rrmpg_hbvedu,0.0016488368265392128,0.0009606599269674221,0.004922240096696839
21024,rrmpg_gr4j,-0.11402946713540268,-0.1947816866548549,0.002576735620570203
21024,rrmpg_hbvedu,0.017155662908396985,0.0178976131003577,-0.018924080147670386
21026,rrmpg_hbvedu,0.009711999130027404,0.018890000215482372,-0.0034117800792732023
21027,rrmpg_gr4j,0.3509164899260864,0.405860704002933,0.2671436275611253
21027,rrmpg_hbvedu,0.0037432768308969244,0.023937650144432054,-0.058720282627766796
22001,rrmpg_gr4j,0.002360593883329154,0.012410295528198612,-0.2702628383733018
22001,rrmpg_hbvedu,0.013785006344841477,0.011547669547576134,0.05287715027784334
22006,rrmpg_hbvedu,-0.012104041901065676,-0.01855873761441562,-0.008892140095006579
22007,rrmpg_gr4j,0.0746240638438494,-0.10538374275840962,0.05898792222947835
22007,rrmpg_hbvedu,0.014860420232013727,0.0035245005815179864,-0.06465566960674773
22009,rrmpg_gr4j,-0.08724199532042742,-0.1162439153126914,0.3382618423175139
22009,rrmpg_hbvedu,0.004516235225513254,0.011389839736402951,0.1198961625060202
23001,rrmpg_gr4j,-0.09135859632069909,-0.034830321219075644,-0.1689705693534691
23001,rrmpg_hbvedu,0.000551944421104622,0.007536091845388615,-0.013715367970371983
23004,rrmpg_hbvedu,-0.014360924345858894,-0.019116087728060283,-0.05594130143517839
23006,rrmpg_hbvedu,0.009904299280949547,0.02205641923038265,0.027168671135217093
23007,rrmpg_gr4j,-0.03594660993550203,-0.034083161793513284,0.05162990950525942
23007,rrmpg_hbvedu,-0.01383248085835237,-0.0016593486237633237,-0.18735711344181039
23008,rrmpg_gr4j,0.17719097082902746,0.17159902103245694,0.5713198641196522
23008,rrmpg_hbvedu,0.017134044357410283,-0.006962469012001371,-0.10759916970328776
23011,rrmpg_hbvedu,0.00446859766005131,0.016185924648791705,0.036164468076580386
23016,rrmpg_gr4j,0.1475869685577705,0.1872115609218548,-0.037863230491449185
23016,rrmpg_hbvedu,0.00837036295324578,-0.03127410337154013,0.06671320054864338
24001,rrmpg_gr4j,-0.1667364645581166,-0.1849426136145777,0.04393896461047103
24001,rrmpg_hbvedu,-0.0013439741892973256,0.022668550636056106,0.03655573421806818
24003,rrmpg_gr4j,0.007709775168066313,0.04121642307568549,-0.0421982029493684
24003,rrmpg_hbvedu,0.007484444098233789,-0.0019078554785408874,-0.018625360557512405
24004,rrmpg_gr4j,-0.18836945103437158,-0.16345831357086094,-0.004845964807971281
24004,rrmpg_hbvedu,0.014213523980293408,-0.021178874367472678,-0.031056784689201977
24005,rrmpg_gr4j,-0.048440353572436395,-0.062340838427370295,0.4006721611559893
25001,rrmpg_gr4j,0.02033364000741872,0.05731036269539058,0.16765420632160072
25001,rrmpg_hbvedu,0.0214886079082674,0.02792611047499216,-0.07919389826218298
25006,rrmpg_gr4j,0.21388252224518328,0.2690058287620045,0.043523943670120496
25006,rrmpg_hbvedu,0.018019973517833576,0.016113877627398687,0.024588985469607527
25012,rrmpg_hbvedu,0.007717450541130766,0.027966660558130296,0.05033931479352011
25020,rrmpg_gr4j,-0.1825978088919679,-0.3821638008624606,0.22630755291928994
25021,rrmpg_gr4j,-0.18773201430599828,-0.2882184699504527,0.2645115701731361
26003,rrmpg_gr4j,0.0665000478185781,0.18196242070117508,0.2542989978109589
26003,rrmpg_hbvedu,0.0212435010421302,0.023039981690880285,-0.5351204959710596
26005,rrmpg_gr4j,0.024314042832132496,0.028101553376146206,0.30761877991947384
26005,rrmpg_hbvedu,-0.0036108527914207045,-0.0080192099818025,0.4522530986289386
26006,rrmpg_gr4j,-0.03933464896933997,-0.07428545308080609,0.44958661694681856
26006,rrmpg_hbvedu,0.010612361242810842,-0.006029462853999967,-0.15281970279508617
26008,rrmpg_gr4j,0.1224374109626849,0.18880509213673524,-0.8057723438375636
26008,rrmpg_hbvedu,-0.015152879028566296,0.03320139956505219,-1.091693598611198
26009,rrmpg_gr4j,0.008722546945902021,0.007327763538597765,-0.678597017776365
26009,rrmpg_hbvedu,0.0576701921867373,0.0815774341066055,0.5169081647321907
27001,rrmpg_gr4j,0.20504415413516558,0.16847663790716366,0.021724276714110397
27001,rrmpg_hbvedu,0.016879044683135225,0.035213295193346095,-0.1782687532705782
27002,rrmpg_hbvedu,-0.005076503385142539,0.00980546599861809,-0.1487603284053869
27003,rrmpg_gr4j,-0.1195817085759146,-0.061013866266093286,-0.10807232291075902
27003,rrmpg_hbvedu,0.0043838681258223655,0.00926479518808454,-0.0022722442922304964
27006,rrmpg_gr4j,-0.0701693550103693,-0.0377535462591021,0.2413895027285437
27007,rrmpg_gr4j,0.13029179787249048,0.06043675501331108,-0.030268354857682103
27007,rrmpg_hbvedu,0.0013188340693499057,-0.011527658418943987,-0.10474319514940772
27009,rrmpg_gr4j,-0.22099123571619592,-0.22569205210285664,0.084509289462671
27009,rrmpg_hbvedu,0.005245538317841358,0.026425145868064326,0.14458968460850607
27021,rrmpg_gr4j,-0.05322295775799346,-0.053501917472507265,-0.013088523428147203
27023,rrmpg_gr4j,0.0776345113273623,0.0888603598649865,-0.32572090351715577
27023,rrmpg_hbvedu,0.014498885882314294,0.03001947501655472,-0.08400376614206678
27025,rrmpg_gr4j,0.0704036796559758,0.07501172433616371,-0.1316780664327391
27025,rrmpg_hbvedu,-0.003907147377230191,0.0030340792048978438,-0.016433956443110298
27026,rrmpg_gr4j,-0.10809038719687261,-0.12577152709236541,0.8105919956435753
27029,rrmpg_gr4j,0.06856569624172543,0.038173081403948594,-0.16632851088232067
27029,rrmpg_hbvedu,0.014291021393443959,-0.00794732592166808,0.148758219865197
27030,rrmpg_gr4j,0.07164056492430448,0.032033503120609985,0.020748960826960094
27030,rrmpg_hbvedu,-0.023156701323867157,-0.01409107399272802,-0.1803540968504042
27032,rrmpg_gr4j,-0.0411683921490093,-0.05255534476413459,-0.057855230109068
27034,rrmpg_gr4j,-0.042987693553902084,-0.012392658084510622,-0.09567989886872422
27034,rrmpg_hbvedu,0.017621154843561693,-0.008363468361907378,-0.0645657684260762
27035,rrmpg_gr4j,0.006031469726476307,0.027259066344373917,-0.1563708310749461
27035,rrmpg_hbvedu,0.002165013289104789,-0.00896336952366461,-0.06986731089607101
27038,rrmpg_gr4j,-0.0015790557123818993,0.0034632096560996972,0.0721203235763051
27038,rrmpg_hbvedu,0.011728116600415965,0.033962737558201006,-0.28155190397192253
27041,rrmpg_gr4j,0.01603404908403483,-0.02754563769102658,-0.1994973027109801
27041,rrmpg_hbvedu,-0.02442953584792429,-0.008841359500051271,-0.17488220666519633
27042,rrmpg_gr4j,-0.08745511978997961,-0.059462776150178254,0.0031995584613301875
27043,rrmpg_gr4j,-0.025871610000597234,-0.042118283963754055,-0.2796677720778858
27043,rrmpg_hbvedu,0.016173560317892077,0.0037471942185569596,-0.033980356303180026
27047,rrmpg_gr4j,-0.16476545207677482,-0.27813551796689107,-0.034038366929035085
27047,rrmpg_hbvedu,0.0020269445812439724,-0.003956852132667332,0.010640520271741394
27049,rrmpg_gr4j,0.11415077240792326,0.06198757805793742,0.040992044612166406
27049,rrmpg_hbvedu,0.015884864708662738,0.017932642246923924,-0.06527837426897776
27051,rrmpg_gr4j,-0.1069249479087388,-0.17442174441795083,0.2265970188146605
27062,rrmpg_gr4j,0.00879787019965067,0.014946693685735868,0.20016695259365158
27062,rrmpg_hbvedu,-0.008729703640948272,0.0011630999157414834,0.003962601651130326
27064,rrmpg_gr4j,0.04276101335917899,0.05802667128606809,0.05462879211237298
27064,rrmpg_hbvedu,0.009681017602961528,0.015401701541714719,-0.0286925769462945
27065,rrmpg_gr4j,-0.055293239384566706,-0.06835889544958096,0.4976717589558099
27071,rrmpg_gr4j,-0.0012820616168064958,-0.002234245697098125,-0.021117939308802347
27071,rrmpg_hbvedu,0.00017020942571077669,-0.020703381963335876,-0.0051980683663299665
27073,rrmpg_gr4j,0.07544861994942131,0.12114249609391092,0.6891560511954002
27073,rrmpg_hbvedu,0.10384451061475247,0.07531263689585788,0.008616111299955875
27077,rrmpg_gr4j,0.20727188449555267,0.19063666233651816,-0.26860776724043733
27077,rrmpg_hbvedu,-0.0478773721700452,-0.010320326603428187,-0.003209565866587799
27079,rrmpg_gr4j,0.1320468143743396,0.17509796092512003,-0.07218874828555502
27079,rrmpg_hbvedu,0.048102187106773,0.019029189731134988,-0.2767091704217575
27080,rrmpg_gr4j,-0.1467385500641792,-0.08131955894078408,-0.44426680170604294
27080,rrmpg_hbvedu,0.05665797321979088,0.025363853171058492,-0.2540260164476702
27084,rrmpg_gr4j,0.1888519089865369,0.19112680824462175,-0.2603630504806204
27084,rrmpg_hbvedu,0.006893941801914383,0.01974607736243389,0.3007643601237602
27087,rrmpg_gr4j,-0.052961679832810915,-0.0012535148714152289,-0.7785656592206766
27087,rrmpg_hbvedu,0.0991633935954857,0.0476477179189978,0.27949653070202657
27089,rrmpg_gr4j,-0.009720060483531884,-0.0639487813034823,0.23857380707991988
27089,rrmpg_hbvedu,0.005478878420486277,-0.020093843789661503,0.03717846633197763
27090,rrmpg_gr4j,0.00789938050218919,0.03283425237825749,0.0064413157226133055
27090,rrmpg_hbvedu,0.004146044319048581,0.028031649922021895,0.0004966392035564704
28001,rrmpg_gr4j,-0.03231376367358041,-0.0386465298506522,0.2775678094667711
28003,rrmpg_gr4j,0.0251567228955899,0.05204624455398331,-0.49393367982879255
28003,rrmpg_hbvedu,-0.008785908891230598,-0.025239979899376985,-0.03811487741133712
28008,rrmpg_gr4j,0.09623903637340975,0.04134931738794978,-0.38019768092806494
28008,rrmpg_hbvedu,-0.006582546814398682,-0.003173416730626877,-0.16016816058160566
28009,rrmpg_gr4j,0.1530053064240049,0.11816516455042225,-0.08511296793096879
28009,rrmpg_hbvedu,0.03482415686275253,-0.0033030103277589262,-0.08818401031593348
28012,rrmpg_gr4j,0.05474988038583889,-0.0032341597700042968,-0.033360694704794414
28012,rrmpg_hbvedu,0.024166937247763143,-0.0006302024838887865,-0.21721499981288472
28015,rrmpg_gr4j,-0.05435548473676083,-0.003789606983176541,-0.05333837083035098
28015,rrmpg_hbvedu,0.023241868951351108,0.010623913115921813,0.294598981799882
28018,rrmpg_gr4j,-0.1949176510384873,-0.11374119951306993,-0.3332091008197129
28018,rrmpg_hbvedu,-0.005543412599710973,0.001190919691425374,0.21043862676895028
28022,rrmpg_gr4j,0.11323341072406112,0.062385525400004305,0.2052085166716946
28022,rrmpg_hbvedu,0.04704178542494181,0.008308894299277503,-0.011790055064061278
28023,rrmpg_gr4j,-0.015921438837636387,0.025362247324023368,-0.3828911231592578
28024,rrmpg_hbvedu,0.010695688701986561,0.01716711949983729,0.0072237733668690934
28026,rrmpg_gr4j,-0.22180090450488826,-0.23505843939759985,-0.07606818993625192
28026,rrmpg_hbvedu,0.008846937229628038,0.01596609625890777,0.013936510412460704
28031,rrmpg_gr4j,0.07036647373681179,0.08347955892044301,0.20697194285670661
28031,rrmpg_hbvedu,-0.0035730215221619344,0.005211430273529771,0.0939246935793036
28033,rrmpg_gr4j,-0.1068500493784183,-0.13386146791925047,0.05238878779464984
28039,rrmpg_hbvedu,-0.006885650229599416,0.012676144062170935,0.082532280529583
28040,rrmpg_gr4j,0.0494265619953486,0.09832787423922329,-0.05969775450984051
28040,rrmpg_hbvedu,-0.010741199168651627,0.011686766888286182,0.3507617029844329
28043,rrmpg_gr4j,-0.101402789768482,-0.0972290068466834,0.022680268990122293
28044,rrmpg_gr4j,-0.03968026239037442,-0.04986182749373064,0.9093932258534068
28044,rrmpg_hbvedu,0.023189749887456812,0.03319669396530639,-0.287635893995839
28046,rrmpg_gr4j,-0.1211989186241583,-0.05522824115382652,0.1528140753592091
28046,rrmpg_hbvedu,-0.09648302157088562,-0.02608024710855028,-0.09074459385402511
28048,rrmpg_gr4j,0.19278113494934232,0.1690213460815228,-0.4478572437674027
28048,rrmpg_hbvedu,-0.0127002149738214,-0.02340390844422363,0.15977029744218962
28050,rrmpg_gr4j,-0.02850432663978547,-0.0033732839031562767,0.5168468411463027
28052,rrmpg_gr4j,0.15754004887825512,0.14405718100814807,-0.06724216370116043
28052,rrmpg_hbvedu,-0.029841061352394838,-0.017137152456028648,-0.146047691594528
28055,rrmpg_gr4j,0.11097525102528169,0.11725753543967748,0.04372143549897789
28055,rrmpg_hbvedu,-0.006492153070628448,-0.002148528839404973,-0.13585447862320033
28056,rrmpg_gr4j,-0.1660126637301791,-0.20913496572406862,-0.15371525568780192
28056,rrmpg_hbvedu,0.010465198183691071,0.02320154538355268,-0.15760625031243602
28060,rrmpg_gr4j,-0.09395577035825078,-0.11016471537718148,0.1404263870706629
28060,rrmpg_hbvedu,-0.014098529608972288,-0.010000786360961411,-0.02514478531832398
28066,rrmpg_gr4j,0.1167194279065672,0.1300326492546119,0.12753814678195913
28066,rrmpg_hbvedu,0.043500809251705075,0.04280736599151652,0.026694149793131894
28067,rrmpg_gr4j,0.045949160636450714,0.028912951658580766,-0.028845122318759603
28072,rrmpg_gr4j,0.11709055267281221,0.1595846216602082,-0.16802515135556595
28072,rrmpg_hbvedu,-0.0047305352917018095,-0.00033156624553587477,-0.06718136544599917
28074,rrmpg_gr4j,-0.05694240860167771,-0.03548091962699662,0.4575836061514291
28074,rrmpg_hbvedu,0.002908240130929829,0.011015616400122497,-0.008747073019086393
28080,rrmpg_gr4j,-0.15971011269438662,-0.2035996400529591,0.2670424861929555
28080,rrmpg_hbvedu,-0.022541517482445927,-0.004599375701141883,0.059421507921839006
28081,rrmpg_gr4j,-0.03389979139548441,0.1668107311578586,-0.3046031054291807
28081,rrmpg_hbvedu,-0.14849759769909698,-0.040289651108124436,0.1361802348701608
28082,rrmpg_gr4j,0.049190748122344696,0.04999095280718402,0.1441698950188688
28082,rrmpg_hbvedu,0.017968322298844486,0.024610340144061493,-0.0025431374160569953
28085,rrmpg_gr4j,0.012447091268289412,0.012837892790829142,0.21013613753259897
28091,rrmpg_gr4j,0.2675517927566173,0.209493637810792,-0.1637619969343006
28093,rrmpg_hbvedu,0.01594776480098581,0.04519101693568661,0.2942209381220354
28115,rrmpg_gr4j,-0.03181549180387581,-0.034841634897938706,0.034687451273701986
28115,rrmpg_hbvedu,0.0319814632258638,0.006411296415762824,0.053911422460567016
28116,rrmpg_gr4j,0.08413004210394359,0.11436182140769291,0.2068461809300174
28116,rrmpg_hbvedu,-0.0492854824897368,-0.0149168442914005,-0.10157960260088683
28117,rrmpg_gr4j,0.10221685793596771,0.05848461886393458,-0.09255890427999924
29002,rrmpg_gr4j,0.021939841415134997,0.06269734657619674,-0.8419702302933398
29002,rrmpg_hbvedu,0.006487165821873919,0.022258273417000707,-0.8837867137255775
29003,rrmpg_gr4j,0.02642944896365873,0.03140049549184343,-0.007334922414092393
29003,rrmpg_hbvedu,0.018249376496642655,0.01974297400703151,-0.2962173065961444
29005,rrmpg_gr4j,0.1124622480627642,0.1547100802927941,-0.5195682997110074
29005,rrmpg_hbvedu,0.0039633326381430245,0.0046272297914592975,-0.04841922558733902
29009,rrmpg_gr4j,-0.08863152785946243,-0.03225276845082892,0.29843940074400876
29009,rrmpg_hbvedu,0.0044730932348733266,-0.02857108242199713,0.041299239986016145
30001,rrmpg_gr4j,-0.11067280701843407,-0.027960178401737368,0.16289762207253294
30001,rrmpg_hbvedu,-0.016645555951657398,-0.013823260652293223,0.047700034557260684
30004,rrmpg_gr4j,0.0846820590429348,0.10943374313588317,0.15142655504628705
30004,rrmpg_hbvedu,-0.003680672279658792,-0.0160580859417776,-0.5259279574634812
30005,rrmpg_gr4j,0.26807878698080273,0.2731292711333134,-0.29099337115970825
30005,rrmpg_hbvedu,0.040326766103912615,0.024969517609018332,0.44087302173041776
30011,rrmpg_gr4j,-0.05568668859364151,-0.1021334889406284,0.03892349204574988
30011,rrmpg_hbvedu,-0.03568328429084311,-0.019463667762049552,-0.02449889846391251
30012,rrmpg_gr4j,0.0645069836175573,0.0730992572206601,0.1868573350771751
30012,rrmpg_hbvedu,0.0038669748412041294,0.001490661655607961,-0.041250834809017034
30014,rrmpg_hbvedu,-0.007551597937991983,-0.008109785135496594,0.044576598188244776
30015,rrmpg_gr4j,0.029821441018278605,0.09297578382573479,-1.1315890629332341
30015,rrmpg_hbvedu,-0.005682162004148117,0.01944100193934728,-0.7093205224805277
31002,rrmpg_hbvedu,-0.008564446999897002,-0.0019271872107213817,-0.14965993137391065
31006,rrmpg_gr4j,0.0686779454749348,0.10912093192074013,-0.25464322178195375
31006,rrmpg_hbvedu,-0.000422624583267861,-0.002201181739308722,0.3619082944747374
31010,rrmpg_gr4j,-0.1316064418508764,-0.20710202742077471,-0.3572103286334132
31010,rrmpg_hbvedu,-0.0005962286117369153,0.0019417577172098355,-0.10121878847782018
31021,rrmpg_gr4j,-0.012849285244586006,-0.0122360180599968,-0.08343398301307298
31021,rrmpg_hbvedu,0.015398962549093564,0.036060593582591394,-0.12413743497307445
31023,rrmpg_hbvedu,0.0014390757004323906,-0.037654368729752696,0.017774737632446747
31025,rrmpg_gr4j,0.02270315018544669,-0.0259213005399591,-0.15638494901526212
31025,rrmpg_hbvedu,0.04414745660641439,0.06620909191307894,0.327633901248485
32003,rrmpg_gr4j,0.1344412122751732,0.2543987694897001,-0.24211035672532943
32003,rrmpg_hbvedu,-0.029516560312871254,-0.018017752184976255,-0.027984439123245552
32004,rrmpg_gr4j,0.2957494204288511,0.7698873625285878,-0.03765869249797427
32004,rrmpg_hbvedu,-0.0012423464949589125,-0.011575887068328572,-0.05230469939140178
32006,rrmpg_gr4j,-0.10478066120741591,-0.10701246134314446,0.1146172513981415
32006,rrmpg_hbvedu,-0.00467096623838692,-0.006231104057002668,0.11029839865875346
32008,rrmpg_gr4j,-0.21820213015844103,-0.21218007528019428,-0.06666187112386501
33006,rrmpg_gr4j,0.019477019971016418,-0.0012438413326814057,0.6640072781797652
33006,rrmpg_hbvedu,-0.0065579430532720084,0.013953001845597335,-0.12497355130620358
33007,rrmpg_gr4j,-0.14092705456610152,-0.2719658157281969,-0.4970896991706094
33007,rrmpg_hbvedu,0.15955857718532962,0.08425273628730134,0.1379647695675476
33012,rrmpg_gr4j,-0.17583909122639668,0.024783564597010706,0.34950399803536936
33012,rrmpg_hbvedu,0.02061602399124307,0.0024701774058056847,-0.11130959923023498
33013,rrmpg_gr4j,0.07986042290500267,0.07783584946043698,-0.3251482044449032
33013,rrmpg_hbvedu,0.009588928754017734,-0.008708472511777754,0.0863637896642433
33014,rrmpg_gr4j,0.103020284219208,0.0015559712174153528,-0.3708197129840071
33014,rrmpg_hbvedu,0.004829523858698281,0.012103682133370541,0.15559615065902888
33018,rrmpg_gr4j,0.018556390502130926,0.007512852258335478,-0.17319300171708552
33018,rrmpg_hbvedu,0.020075686257753023,0.017053496081532282,-0.0277739586892104
33019,rrmpg_gr4j,-0.05451821793881023,-0.03168021858941006,-0.1599195936483937
33019,rrmpg_hbvedu,-0.016305589129475384,-0.003923735065569867,-0.01607676774717004
33020,rrmpg_gr4j,0.03618665912042171,-0.1242417217012739,0.0147374160690886
33020,rrmpg_hbvedu,0.0119275782762287,0.01215687938811072,-0.24881130345031266
33021,rrmpg_gr4j,-0.11288244236982442,-0.12560266622010802,-0.5085458919259636
33021,rrmpg_hbvedu,0.057948804577981794,0.028816661512159114,-0.19312914024625738
33022,rrmpg_gr4j,-0.15637425935884797,-0.14396872545031936,0.1033359308659576
33022,rrmpg_hbvedu,0.02216365051501734,-0.0028218795159309362,0.179116820989383
33023,rrmpg_gr4j,0.1681731670198425,0.13832666280561748,-0.0307790729631916
33023,rrmpg_hbvedu,0.03463408504835691,0.007292080986384231,0.3108002413899964
33024,rrmpg_gr4j,-0.06658026910679932,-0.08048889560216244,-0.48019395967301964
33024,rrmpg_hbvedu,0.016917396352896796,0.01047171010092618,0.0956937757762088
33026,rrmpg_gr4j,0.2105340510113246,0.2424799439545142,-0.0736147050479056
33026,rrmpg_hbvedu,0.003271720779539855,-0.032209261251881616,-0.1522822418586314
33028,rrmpg_gr4j,0.16709453523410123,0.1812805293215195,-0.31759990088880274
33028,rrmpg_hbvedu,0.04185892378987699,0.012174981532742213,0.03589766015825541
33029,rrmpg_gr4j,-0.03854054574998622,0.0067968742533950355,0.49916750240455904
33029,rrmpg_hbvedu,0.0051471195835702255,-0.0014212351873725826,0.2859117400242748
33031,rrmpg_hbvedu,0.00689199206292207,-0.003936044575222314,-0.020672697581374244
33032,rrmpg_gr4j,-0.015393420338961898,-0.029129363742678716,-0.729280130786221
33032,rrmpg_hbvedu,-0.011601933009647099,0.07538958618145508,0.2101675377168788
33033,rrmpg_gr4j,0.07693182018575448,0.06047618731880072,-0.054836795062578325
33033,rrmpg_hbvedu,-0.010177003788623795,-0.009026604297672991,0.13046152264272326
33034,rrmpg_gr4j,-0.03089404279308322,-0.021641344771605397,0.023232760967278
33034,rrmpg_hbvedu,0.017596543431485312,0.010982877413795777,-0.07881990647191273
33035,rrmpg_gr4j,-0.0016063226407905251,0.03211479202120704,0.8452307880686338
33035,rrmpg_hbvedu,-0.03545869428772647,-0.029896310318108354,-0.0564463706685745
33039,rrmpg_gr4j,-0.19482959520843735,-0.15512216149182567,0.033760734444785
33039,rrmpg_hbvedu,-0.019377895583114535,-0.0004961369766237622,-0.06409756662057209
33053,rrmpg_gr4j,0.2594865398360785,0.312417239628762,-0.005350718204665789
33053,rrmpg_hbvedu,0.007505731809226868,-0.0026584545301739926,-0.1214893378264672
33054,rrmpg_gr4j,0.052089599351756596,-0.007909727799645383,0.3843061592486342
33054,rrmpg_hbvedu,-0.0356625754119623,0.014951280234770686,-1.0322550241857247
33058,rrmpg_gr4j,-0.04479542355110219,-0.052694542030086694,-0.15214641874029738
33058,rrmpg_hbvedu,0.019475376327990235,0.015972661578876612,-0.051528937288004006
34002,rrmpg_gr4j,-0.13202000005095682,-0.1797651114057061,0.5660182488121823
34002,rrmpg_hbvedu,-0.004997997637217422,-0.01312426815287937,-0.0012636447273259022
34003,rrmpg_gr4j,-0.20292073944342914,-0.1921881857475949,0.10945927384066612
34003,rrmpg_hbvedu,0.03705149934690238,0.011883414263963221,0.3165532616377538
34004,rrmpg_gr4j,0.1473160394823454,-0.009493124916744478,-1.140454774521734
34004,rrmpg_hbvedu,-0.09677584719014237,-0.032288197178763745,0.5574846577394292
34005,rrmpg_gr4j,0.18245735422583778,0.12252962092161018,-0.4169340945872935
34005,rrmpg_hbvedu,-0.006850962013242534,0.010277429134739835,0.057994248429761794
34006,rrmpg_gr4j,-0.2500989667425059,-0.33959876054701427,-0.3085669035054148
34006,rrmpg_hbvedu,0.006485814064004725,0.05008726956273746,0.08430897969941853
34007,rrmpg_gr4j,-0.1364077630923924,-0.23705968400801142,0.1979521413487475
34007,rrmpg_hbvedu,0.02321877486301932,0.004661459028744153,-0.09521900873590167
34008,rrmpg_gr4j,-0.10224503179461258,-0.09427867088902342,-0.09088132348784778
34008,rrmpg_hbvedu,0.01366314337769492,-0.0005351347709482424,0.11338008426381463
34010,rrmpg_gr4j,-0.0160768270475614,0.006829791958815612,-0.605728277816511
34010,rrmpg_hbvedu,-0.033991470407828184,-0.015696942557830162,-0.007730191509604634
34011,rrmpg_gr4j,0.0506850177885787,0.03480573347642557,-0.418802615470881
34011,rrmpg_hbvedu,0.0228472652734536,0.014308199456957493,-0.04477178938965537
34012,rrmpg_gr4j,-0.04320789189651421,0.1262483105314168,0.04327878289975562
34012,rrmpg_hbvedu,0.07696901565126371,0.12292464356656399,-0.5380629136685267
35003,rrmpg_hbvedu,0.003000520289279829,-0.010055064601014518,-0.11704548468494627
35008,rrmpg_hbvedu,0.007084422566367876,0.02896605845781164,-0.2593170555220056
36003,rrmpg_gr4j,0.3110599315287349,0.3509381539618187,0.2434702341340065
36003,rrmpg_hbvedu,0.0004382677100704946,0.0025080703844034824,-0.05445829467972402
36006,rrmpg_gr4j,-0.0432990637427244,-0.00848113575057391,0.04328188368663444
36006,rrmpg_hbvedu,0.022395486680069576,0.014108065742793552,-0.28364999828829407
36009,rrmpg_gr4j,0.04406717938846799,0.0835657357626324,0.03592008699728909
36009,rrmpg_hbvedu,-0.003721659702965674,-0.015137382690043166,0.05963994956919172
36010,rrmpg_hbvedu,-0.011669998007596827,0.007468960386980528,-0.13959590786466397
36011,rrmpg_gr4j,0.02185757140207989,0.03765287303162798,-0.4110410229843497
36011,rrmpg_hbvedu,-0.0018488556412004642,-0.034985579978439596,0.1643955876918392
36012,rrmpg_hbvedu,0.02202903061117001,0.004051746103359621,0.1864873129113448
37001,rrmpg_gr4j,-0.021223862485768408,-0.0003696212965956791,0.14747085838761276
37001,rrmpg_hbvedu,0.018505849327704826,-0.005706337960193375,0.022326474357092785
37003,rrmpg_gr4j,0.03487911697814691,0.0370622216651294,0.014893490483642413
37003,rrmpg_hbvedu,0.0036136635221861724,0.005728465415716366,0.4395603845070193
37005,rrmpg_gr4j,0.1397151691002741,0.20078938017699227,-0.5117626488538203
37005,rrmpg_hbvedu,0.0007764367519351723,-0.023739578543717332,-0.24314181119711198
37008,rrmpg_gr4j,0.02079847967256812,0.016328639978048676,0.03088643470682595
37008,rrmpg_hbvedu,0.02552464652602293,0.0047362984389746066,-0.32939780484977665
37009,rrmpg_gr4j,-0.0632813703545708,-0.10692472619417429,-0.1425094360279944
37009,rrmpg_hbvedu,0.023093571245433986,0.015501344723699684,-0.14746852811928537
37010,rrmpg_hbvedu,0.00017478967368322884,-0.0014306106362369508,0.3775813686193483
37011,rrmpg_gr4j,-0.0976993402373745,-0.12774120732383437,0.111670074393939
37011,rrmpg_hbvedu,0.02311195370185115,-0.020303044361090317,0.13803662309181952
37018,rrmpg_gr4j,0.03284693985144001,0.0698313296541114,-0.04214414783377163
37018,rrmpg_hbvedu,0.009298208810384012,0.010053336133827528,0.278303064446105
37019,rrmpg_gr4j,0.005868120442038605,-0.04306680336435639,-0.3802489694131763
37019,rrmpg_hbvedu,-0.008621791744346408,-0.002772804794473893,-0.06987684034630381
37020,rrmpg_gr4j,-0.05467882476829938,-0.0573687322207978,-0.25016838701778044
37020,rrmpg_hbvedu,0.025399150669644877,0.030939038699859478,0.07033839111927959
37031,rrmpg_hbvedu,0.015443648689780598,0.02864732971443401,-0.0473782394040549
37033,rrmpg_hbvedu,0.0021424984997941987,0.011638634956797012,0.038604824015616684
38001,rrmpg_gr4j,-0.05924467593329477,-0.04852751042957343,-0.04142323594612107
38001,rrmpg_hbvedu,-0.011756116703525332,-0.012437443394909709,-0.006145640933986979
38003,rrmpg_gr4j,0.005845383876453475,-0.09206365879514733,1.0375424130845772
38003,rrmpg_hbvedu,-0.011705747478106987,0.010961603150959232,-0.004382736560970768
38004,rrmpg_gr4j,0.1543693008389067,0.188626710410432,-0.44510852640306975
38004,rrmpg_hbvedu,0.006598199903515012,0.02589893288508638,-0.07012685553770259
38007,rrmpg_gr4j,0.025717793922437997,0.027724245103743106,0.4712152957410255
38007,rrmpg_hbvedu,0.0423839199205185,0.035828670433975474,-0.1234369421303605
38014,rrmpg_hbvedu,0.024961159335545713,0.018514887285044246,0.047987549775046795
38017,rrmpg_gr4j,-0.032562798141430094,-0.0696466361559137,-0.07752223790265811
38017,rrmpg_hbvedu,0.0314414170985661,0.1195672685004121,-1.0620341207122528
38018,rrmpg_gr4j,0.004176116755603532,-0.0022570023598486033,-0.11629516650555005
38018,rrmpg_hbvedu,-0.023224352358793665,-0.00381333692482988,0.04988280274973966
38021,rrmpg_gr4j,0.0877200185982357,0.25744013201505966,0.10486748608024998
38021,rrmpg_hbvedu,0.004693290485431267,-0.002017067591568722,-0.06172148921628895
38026,rrmpg_gr4j,-0.14938516529236479,-0.23739285469421129,-0.2519007043367448
38026,rrmpg_hbvedu,0.009352874686186452,0.010050824056370367,-0.025446100375411812
38029,rrmpg_gr4j,-0.1732338453228731,-0.2812560729657688,0.6744839550958965
38029,rrmpg_hbvedu,-0.007725644602686987,-0.023815100281460166,-0.13919799677235323
38030,rrmpg_gr4j,0.0845664306388101,0.1254328343460679,0.038220933601516904
38030,rrmpg_hbvedu,-0.0392065544132964,-0.020369229989402826,-0.2190373080767145
39001,rrmpg_gr4j,0.1777367248214281,0.23512031034086522,0.05580238378333058
39001,rrmpg_hbvedu,-0.009729256273064424,-0.004149733621251928,-0.025368402581231284
39002,rrmpg_gr4j,0.4405801483219187,0.5564331429744813,-0.49866433257102094
39002,rrmpg_hbvedu,0.0016802050175296346,0.03190696748175603,-0.38513527423395755
39004,rrmpg_gr4j,0.08582454316680033,0.09971583123121985,-0.3270621570396255
39004,rrmpg_hbvedu,0.015754223754488622,0.0290418538810564,-0.09338532900124008
39005,rrmpg_gr4j,0.0331729818579078,0.0996900331050894,0.10928296829009965
39005,rrmpg_hbvedu,-0.0260527716011974,-0.005418045561948581,0.025294923654882506
39006,rrmpg_gr4j,-0.016868913925955353,-0.013588995041240004,-0.11273371200191296
39006,rrmpg_hbvedu,0.001233259018821542,0.01241500878342261,-0.249870389111943
39007,rrmpg_gr4j,0.029159324445868606,-0.015064133803500912,-0.15111059781734199
39007,rrmpg_hbvedu,0.0036657415721684794,0.00450751067915367,-0.008575264358658075
39008,rrmpg_gr4j,-0.34735986394573515,-0.34220084821281704,-0.14479064386339058
39008,rrmpg_hbvedu,0.004351746648194155,-0.00392850590798044,-0.3281103959252753
39010,rrmpg_gr4j,-0.1200462335702137,-0.014139207275265409,-0.019608870598102734
39010,rrmpg_hbvedu,-0.16141859248743,-0.036701554606592135,-0.8112991525123552
39011,rrmpg_gr4j,-0.04586382634865738,-0.033228639792781456,0.1943185098390948
39011,rrmpg_hbvedu,0.0027041121089890763,0.000783475227545738,0.11630408386783653
39012,rrmpg_gr4j,0.0637754316087518,0.07253055126082061,0.016256523691623337
39012,rrmpg_hbvedu,0.0249522432782599,0.023871481300320796,0.14645950001229058
39014,rrmpg_gr4j,0.0110631187338281,-0.006600473700277498,0.8350846107722254
39014,rrmpg_hbvedu,-0.01396979503179721,0.021274613365402317,0.455228412482396
39015,rrmpg_gr4j,-0.0643075640429252,-0.07919866195658642,-1.6107381680787964
39015,rrmpg_hbvedu,0.12041857865968048,0.12453149358124682,0.04085630923064998
39016,rrmpg_gr4j,0.0835963748395867,0.03231500144031818,0.7759957700242222
39016,rrmpg_hbvedu,0.05302151896396434,0.04763947599984819,-0.5474205894988238
39017,rrmpg_gr4j,0.0545403593217178,0.39644462732653596,0.48423421769993374
39017,rrmpg_hbvedu,0.022214525743301128,0.023917788576795218,-0.0777361787860481
39019,rrmpg_gr4j,-0.2343507816909441,-0.2042575443214525,-0.3218023038003057
39019,rrmpg_hbvedu,0.1275889249341945,0.13749391999219202,-1.2423746596702032
39020,rrmpg_gr4j,0.1810000061279713,0.25037843995311565,-0.07550549589746158
39020,rrmpg_hbvedu,0.005856907477674367,0.004684434284729866,-0.28203431077813723
39021,rrmpg_gr4j,0.064443757761663,0.056790759960047454,0.1229375022696706
39021,rrmpg_hbvedu,0.01820402878172589,-0.016593923399794486,-0.02359163857023172
39022,rrmpg_gr4j,0.048898673901994594,0.025769961195422186,-0.2680499341895306
39022,rrmpg_hbvedu,0.022466352270635426,0.020076312183840317,-0.03562371902078265
39023,rrmpg_gr4j,-0.060816621210739705,0.4285107835233546,1.2098967510473928
39023,rrmpg_hbvedu,-0.013237085470978002,-0.0016429923055995138,-0.32889114956529686
39025,rrmpg_gr4j,0.04363856358087781,0.045052638931958766,-0.02407880493130965
39025,rrmpg_hbvedu,0.021223985727893635,0.014512873109050473,0.1680316992978712
39027,rrmpg_gr4j,0.0006970485876920951,0.011435577394770635,-0.1605389994963925
39027,rrmpg_hbvedu,0.018657910530034294,0.041651746677022206,0.21975649453410823
39028,rrmpg_gr4j,-0.08201525768378426,-0.058204408423904286,0.9324472691717871
39028,rrmpg_hbvedu,-0.03609362925600351,-0.03657488187342883,-0.04034320241232492
39029,rrmpg_gr4j,0.04851655892812079,0.06146375090129175,-0.4614070215464051
39029,rrmpg_hbvedu,0.022257443580768477,0.019761341766369123,-0.14630444943237597
39034,rrmpg_gr4j,0.2362508248590217,0.21320813150265572,-0.2965215586371712
39034,rrmpg_hbvedu,0.03255164039030323,0.014909831992369504,-0.07455875432316184
39035,rrmpg_gr4j,-0.1359344231982021,-0.0990721499516613,0.0622453090536495
39035,rrmpg_hbvedu,-0.024424942678765493,-0.014471015784697894,-0.17390655431141533
39036,rrmpg_gr4j,0.0691145638431746,0.019010700853600127,-0.40181137170074877
39036,rrmpg_hbvedu,-0.033282587845353595,-0.012577837643143353,-0.7430356308507922
39037,rrmpg_gr4j,0.1114659585992509,0.14907268881134705,0.11845140884769068
39037,rrmpg_hbvedu,-0.046306282291367296,-0.04843179824674837,0.15858746118481437
39042,rrmpg_gr4j,0.07669811016107053,0.06396414972619202,0.2708002816523549
39042,rrmpg_hbvedu,0.021346480191027917,0.00804758664187566,-0.29338300091206393
39049,rrmpg_hbvedu,0.0031246995301926206,-0.005377361712302409,0.0781436232240932
39052,rrmpg_gr4j,-0.07752025545758928,-0.11980622450837647,0.2802521028809424
39052,rrmpg_hbvedu,0.03386484735305162,0.014087842139961504,0.09470262618453229
39054,rrmpg_gr4j,-0.04672530773970748,-0.07887739976159427,0.1767534408253778
39054,rrmpg_hbvedu,-0.013110121867751734,-0.0362274888025611,0.10036899396889032
39056,rrmpg_gr4j,0.07895115736276509,0.13224213776132052,-0.840542260833969
39056,rrmpg_hbvedu,0.030889154125219198,0.009189450786011522,-0.16980063051288907
39061,rrmpg_gr4j,-0.07447244229536021,-0.2668321661909846,-0.05636975356693463
39061,rrmpg_hbvedu,0.03561173247831449,0.07605246073021019,-0.3585217841406032
39065,rrmpg_gr4j,-0.1924876582724161,-0.4300757287470477,0.4382958058476425
39065,rrmpg_hbvedu,0.0262745430720503,0.0774936878373214,-0.2327488317556078
39069,rrmpg_gr4j,0.06248818394902228,-0.0013482786944583047,-0.06516094796409402
39069,rrmpg_hbvedu,-0.0035489164700113207,-0.005774254771049203,-0.01076300035648739
39072,rrmpg_gr4j,-0.03838876362746224,-0.004890073824804664,0.17434513094990134
39072,rrmpg_hbvedu,0.005570111792313703,0.006243354230592968,0.0468973384530007
39078,rrmpg_gr4j,0.0217555405299813,-0.06854678055493846,-0.09498578776481259
39078,rrmpg_hbvedu,-0.0231477829410191,0.003838504100900586,-0.22270231993663403
39081,rrmpg_gr4j,-0.3703251741952538,-0.277960701180945,0.7511270891299049
39081,rrmpg_hbvedu,0.0011424452426338494,-0.0026216581774417547,-0.1681553817644954
39087,rrmpg_gr4j,-0.29092060797761743,-0.28167577039530683,0.2556485210326376
39087,rrmpg_hbvedu,-0.004778185635223364,-0.004194028566121055,-0.07141123039464842
39088,rrmpg_gr4j,-0.075763811919979,-0.1242494561220958,0.3799524669451173
39088,rrmpg_hbvedu,0.03985836171300419,0.0910527465728076,-0.09015178490621623
39095,rrmpg_gr4j,-0.013882063619211793,-0.03269658751624177,-0.09570312075129839
39095,rrmpg_hbvedu,0.018435505842036015,0.003079150423524135,0.28400075738439745
39099,rrmpg_gr4j,0.00012322467466663323,0.0031944824713574516,-0.12116561496034273
39099,rrmpg_hbvedu,-0.02059261958581754,0.007295026559349882,0.26586590247728115
39101,rrmpg_gr4j,-0.03965536920962198,-0.0601999261013802,-0.5771788756739059
39101,rrmpg_hbvedu,0.016500065132624475,0.020964518991567815,-0.07030202490557524
39105,rrmpg_gr4j,0.15152416682836817,0.20501096442178646,-0.1488820476231616
39105,rrmpg_hbvedu,-0.018426895114599717,-0.012662663256273077,-0.14996492644757953
39108,rrmpg_gr4j,-0.011054122088054341,-0.03390937697150198,0.32810603698937224
39108,rrmpg_hbvedu,0.05099011107034729,0.10076473204518743,0.12931843608269145
39114,rrmpg_gr4j,-0.013637584356296098,-0.0468557906928674,-0.343152633090533
39114,rrmpg_hbvedu,-0.0304159395315022,-0.017880678601964,0.6495698584719785
39120,rrmpg_gr4j,0.04083596946761936,0.03905107003052166,-0.39553857125914327
39120,rrmpg_hbvedu,-0.032013120016650576,-0.08784620045986247,-0.19681000855563746
39125,rrmpg_gr4j,2.432672529945057e-07,0.0238690559687466,-0.013122961896523289
39125,rrmpg_hbvedu,-0.004520042916084297,0.025439565985529995,0.08704274733335138
39127,rrmpg_gr4j,-0.015897649360116298,-0.2865483703285786,0.333855873136906
39127,rrmpg_hbvedu,-0.0898541195832379,-0.0721129748880557,0.1439669898831935
39141,rrmpg_gr4j,-0.09505484046823612,-0.10788449063615169,0.16182668768484032
39141,rrmpg_hbvedu,0.06459837874695712,0.02363903196018735,-0.19628566822944793
39142,rrmpg_gr4j,-0.1007269670654971,0.036792879050752014,-0.04691690192407039
39142,rrmpg_hbvedu,0.017263944329809898,0.04354191042698341,-0.4447454623517929
39143,rrmpg_gr4j,-0.06454240716575141,0.0379103712356354,-0.2578775717839068
39143,rrmpg_hbvedu,0.006422424782219396,0.0036803343234220187,-0.0788220942115816
39144,rrmpg_gr4j,0.13011410372807203,-0.006807964801011035,1.4132609300138546
39144,rrmpg_hbvedu,0.021131666521638587,-0.0009965028379337881,0.0799886073363536
40003,rrmpg_gr4j,0.08811787622064299,-0.023672797925386124,0.0986888041541798
40003,rrmpg_hbvedu,0.019726337536829286,0.05643222987626739,0.06689700916701599
40004,rrmpg_gr4j,0.08359123532526447,0.09978122499413233,-0.26136664401212883
40004,rrmpg_hbvedu,0.025603159865869363,0.015371758534048263,0.07446334777973274
40005,rrmpg_gr4j,0.06704125683454562,0.05018310837138129,0.2421760443971825
40005,rrmpg_hbvedu,0.007241765485905605,0.024550432023442204,-0.0792963369667749
40006,rrmpg_gr4j,-0.016064642880937285,0.012167634539980599,0.32559632957656204
40006,rrmpg_hbvedu,-0.01878534895425782,0.008092774154649207,-0.27734427651061433
40007,rrmpg_gr4j,0.1474527848974082,0.26957336429103645,0.11123159868819277
40007,rrmpg_hbvedu,0.0029106664327015475,-0.0028194938355520227,-0.091784600005832
40009,rrmpg_gr4j,0.1245531225135369,0.10805957309873604,-0.49316495616843825
40009,rrmpg_hbvedu,0.03184533182436122,0.028983976641812736,-0.0035089795061813422
40010,rrmpg_gr4j,-0.0989452449424933,0.1543599697357484,-0.2274244803643078
40010,rrmpg_hbvedu,0.020640792462288893,0.0342803329537964,-0.1860594818625526
40011,rrmpg_gr4j,-0.03236614601346943,-0.03706288818019576,-0.43269268657307935
40012,rrmpg_gr4j,-0.018914434037646255,-0.016278560233181416,0.19698405474841452
40012,rrmpg_hbvedu,0.023260550520359913,0.011651400892959685,0.5069967894612344
40013,rrmpg_gr4j,0.0170392529538706,0.025791452601077125,0.3943594284299719
40013,rrmpg_hbvedu,0.014532671920671203,0.007642959196243082,-0.15478022268723618
40016,rrmpg_gr4j,0.005989827783973695,0.020276232730770172,0.3961436685425388
40016,rrmpg_hbvedu,0.018797027604048,0.02386844367140062,0.24073113073372676
40017,rrmpg_gr4j,-0.0012382292094904046,0.04089319882549772,-0.11573547939623752
40017,rrmpg_hbvedu,-0.006012084934143069,0.00987428145814312,-0.19057551338366263
40018,rrmpg_gr4j,-0.02899799553475746,-0.04063022115383319,-0.2766127217618122
40018,rrmpg_hbvedu,-0.004651343711374434,-0.00854605703254463,0.5265005412205592
40020,rrmpg_gr4j,-0.08773541510202021,-0.10152977994973683,0.3089961980403566
40020,rrmpg_hbvedu,0.009201479597021,-0.01365064325317683,0.1826490649444128
40021,rrmpg_gr4j,-0.012287215826164488,0.045539585146292194,0.32379002698170634
40021,rrmpg_hbvedu,-0.014746989096617091,-0.013362934496528422,-0.028528799413515493
40022,rrmpg_gr4j,-0.0571378274918552,-0.0813614610051959,0.148703232797107
40033,rrmpg_gr4j,-0.023594531683089406,-0.06309760603042469,-1.1195443680007993
40033,rrmpg_hbvedu,0.0312645242632483,0.0754004438265683,-0.6083265846007665
41001,rrmpg_gr4j,0.03163769277241221,0.011632117215926802,0.154164366293438
41001,rrmpg_hbvedu,0.009753705627725984,0.026829565450516304,0.0029705200585763425
41003,rrmpg_gr4j,0.05496327631014736,0.013332790949471374,0.03644642383149821
41003,rrmpg_hbvedu,-0.004361507162630507,-0.0014783634577156812,0.002788169406433505
41004,rrmpg_gr4j,0.08709380257707888,0.17235723852905527,-0.1271689593530423
41004,rrmpg_hbvedu,-0.019256696638547344,-0.010492295414798236,-0.05068003286991685
41005,rrmpg_gr4j,-0.2575491665342191,-0.3346772669334329,-0.012953703035085917
41005,rrmpg_hbvedu,0.052928791807334896,0.02969806091297189,0.30239673699252145
41006,rrmpg_gr4j,-0.224147449857934,-0.32255511160483097,0.014281899686514166
41006,rrmpg_hbvedu,0.013951593529156203,0.0023423754887060833,0.02828701010191126
41009,rrmpg_gr4j,-0.08822921632226077,-0.06321915775089404,-0.17914690744361805
41009,rrmpg_hbvedu,-0.01401899293823683,0.008035738308074025,0.005104232530979497
41011,rrmpg_gr4j,-0.14629482186554127,-0.09419930342964844,0.2563933438436763
41011,rrmpg_hbvedu,0.008465573837911522,0.005524686134030121,-0.19318074908313532
41012,rrmpg_gr4j,-0.19037210985252406,-0.19157576729681697,0.3676054653749955
41012,rrmpg_hbvedu,0.0017368649103554068,-0.015678577438200836,-0.19921878812128413
41013,rrmpg_gr4j,0.061301563923201574,0.0728050111463403,0.3736557456767482
41013,rrmpg_hbvedu,0.00015780224534239773,0.0019265477084510763,0.11472112542273116
41014,rrmpg_gr4j,-0.07284626291516488,-0.008036811225467502,0.07567023514215926
41014,rrmpg_hbvedu,0.01320438218075004,-0.052303183301732004,0.1464735160322299
41016,rrmpg_gr4j,0.058939883664097914,0.059484562938228513,-0.36218370689226687
41016,rrmpg_hbvedu,0.007326715394754435,0.012402876634660165,-0.20466891711358448
41019,rrmpg_gr4j,-0.015070792841910874,-0.0646407419048172,0.19252670431267366
41019,rrmpg_hbvedu,0.0001506679348064477,8.271419799543711e-05,-0.013203769469047444
41020,rrmpg_gr4j,0.09918143694224496,0.11981999935328552,0.06663884555488453
41020,rrmpg_hbvedu,0.013460706260121302,0.012227193922275115,0.054717447875477276
41022,rrmpg_gr4j,0.007836552151640142,0.03157662360923502,0.14639514076622917
41022,rrmpg_hbvedu,0.013768338742390585,0.007979730809717811,0.04710945103310993
41023,rrmpg_gr4j,-0.09637098998294169,-0.1675779356976391,0.13006189419139913
41023,rrmpg_hbvedu,0.04159733490218809,0.06065559189125802,0.05132697756975024
41025,rrmpg_gr4j,-0.05074517295237968,0.1331602441880213,-0.42800733813007874
41025,rrmpg_hbvedu,-0.004254457863927641,0.0030122164288786113,0.08031437388637491
41027,rrmpg_gr4j,-0.1520006282475074,-0.18368869250578462,0.6099079591069753
41027,rrmpg_hbvedu,-0.0005362431030588866,-0.002642663130531464,0.11952894737598752
41028,rrmpg_gr4j,0.17608619146575744,0.151149950698504,-0.7858457171281095
41028,rrmpg_hbvedu,0.0029383473319271047,-0.01702203527167434,0.24045204760494743
41029,rrmpg_gr4j,-0.07637264822648918,-0.2112925224764337,0.15666534074991056
41029,rrmpg_hbvedu,-0.0006960776924908041,0.011689313793782241,-0.1184396653014228
42001,rrmpg_gr4j,0.2346907636194629,0.46227263210261355,0.10945655010342215
42001,rrmpg_hbvedu,-0.00015273698743212272,0.01232078996150665,-0.4060202130604136
42003,rrmpg_gr4j,-0.20125734975012755,-0.10233417631656949,-0.3150235036029275
42003,rrmpg_hbvedu,0.02858428980401262,0.0450058306187881,-0.06148343141625073
42004,rrmpg_gr4j,-0.006573293493641885,-0.014653430943340262,-0.6171274573671934
42004,rrmpg_hbvedu,0.08357695129165676,0.06392134920159703,-0.5287377527541737
42006,rrmpg_gr4j,-0.1405704674292103,-0.25613259546854183,0.08674438836731013
42006,rrmpg_hbvedu,0.0073920515831510936,0.04108858977941726,-0.07741888096878635
42008,rrmpg_gr4j,0.07923068670855321,0.11978261953327768,0.1035206619121447
42008,rrmpg_hbvedu,0.04947912383709341,0.016138104359221472,-0.006610552941457071
42010,rrmpg_gr4j,-0.17171739228884936,-0.2090218830841949,0.11875098179835353
42010,rrmpg_hbvedu,-0.0213110237437511,0.016454347463749852,-0.09460018349798527
42011,rrmpg_gr4j,0.19961840385757262,0.22999060853508013,-0.5916293571380319
42011,rrmpg_hbvedu,-0.06913390300175037,-0.02412147302296136,-0.023707006544972042
42016,rrmpg_gr4j,-0.0045220575911121,-0.0713666217461042,1.289811893935165
42016,rrmpg_hbvedu,0.007103713929913796,0.050247543724332766,-0.07813382191813933
42017,rrmpg_gr4j,-0.02657076874025671,-0.05900135110261889,-0.026380091079542645
42017,rrmpg_hbvedu,0.007094309576003488,0.006123316838485771,-0.0980616656352229
42024,rrmpg_gr4j,-0.007155987749943804,-0.007098698191655539,0.8042695527407224
42024,rrmpg_hbvedu,0.004224178859526195,0.03553369873188028,0.0346919643029594
42026,rrmpg_gr4j,-0.0663991359847598,-0.10984074665827859,0.13831702593819095
42026,rrmpg_hbvedu,0.018935974537396705,0.0561559779607842,0.3246417567329012
42027,rrmpg_gr4j,-0.09628440005105318,0.046066777563885275,-0.021505877831668463
42027,rrmpg_hbvedu,-0.0526184622236239,-0.03546776556541198,0.09748519104131131
43005,rrmpg_gr4j,0.16882849546270706,0.18029765149279486,0.2080672367340402
43005,rrmpg_hbvedu,0.05429695800087064,0.03904996103808012,0.15135890672235058
43006,rrmpg_gr4j,-0.035097391089390695,-0.08803878932037379,0.6445440350170786
43006,rrmpg_hbvedu,0.028825210987872163,0.027675875199449806,-0.05032511815148433
43007,rrmpg_gr4j,-0.048770636666178424,0.028173718661682723,0.2490902081180773
43007,rrmpg_hbvedu,-0.000443072193305194,-0.0009701189184447845,0.09648147720774741
43008,rrmpg_gr4j,0.008994218664482134,0.013891443268753467,-0.39905544202495
43008,rrmpg_hbvedu,0.0440032242805215,0.048396093490163716,0.0067749568762618395
43009,rrmpg_gr4j,0.030808258187649706,-0.09950231083735028,0.3293095380902732
43009,rrmpg_hbvedu,0.004280853346856017,0.02849635067002876,0.06389127972431799
43014,rrmpg_gr4j,-0.09261784781206628,-0.04134158247093889,0.4695708233098086
43014,rrmpg_hbvedu,-0.017887443652390922,0.009075912665020058,0.08516570923476441
43017,rrmpg_gr4j,-0.02927182710620252,-0.054576937066193876,-0.11550116681852621
43017,rrmpg_hbvedu,0.012439129701588891,0.01191679491373232,0.021604668231764435
43018,rrmpg_gr4j,-0.08206228864872211,-0.149542814920601,0.5809362766916513
43018,rrmpg_hbvedu,0.020740327675531467,0.007177401565766628,-0.2742685922141407
43021,rrmpg_gr4j,-0.024588067094237165,0.006450484113515675,0.04660969840717688
43021,rrmpg_hbvedu,0.054911765004934165,0.034339265957558984,0.2336590993452918
44001,rrmpg_gr4j,-0.03589828712067811,-0.05144675103131857,-0.2936646930339588
44001,rrmpg_hbvedu,0.08287051409490531,0.0426967040266929,0.021562108211614195
44002,rrmpg_gr4j,-0.045205420269590735,-0.06120724075812989,-0.5135848598517861
44002,rrmpg_hbvedu,0.0341739804609244,0.038137235014499726,-0.10970567202530235
44006,rrmpg_gr4j,-0.0056296334293260974,-0.04309591886310127,0.6352175487477436
44006,rrmpg_hbvedu,0.0594005272204729,0.04152347433419046,-0.09850953604155532
44009,rrmpg_gr4j,0.07840237619400464,0.10795790103663527,-0.9867353769091873
44009,rrmpg_hbvedu,-0.024829569112848393,-0.002786868892738825,0.24254106375532447
44011,rrmpg_gr4j,-0.017861800897918487,0.037609816006165586,-0.49613774630111923
44011,rrmpg_hbvedu,0.04493804288202652,0.021710580905629717,-0.26559322550944875
45001,rrmpg_gr4j,0.2152274611160988,0.20609993189389347,0.18582316464503912
45001,rrmpg_hbvedu,0.0020164941256606284,-0.00015434472738218297,-0.05672732831820504
45003,rrmpg_gr4j,0.002755029312695112,0.05376367520110992,-0.18702237978017022
45003,rrmpg_hbvedu,0.012497463963882849,0.009057711882961339,0.12455886230952573
45004,rrmpg_gr4j,-0.02424387354874749,0.0030480903664464876,0.10609063992482404
45004,rrmpg_hbvedu,-0.0095703422240071,-0.0001521327663132066,-0.21602151347646936
45005,rrmpg_gr4j,-0.2587367026333607,-0.2584822800840195,0.46679503565979796
45005,rrmpg_hbvedu,0.0014831196718378958,0.0023275712687539363,-0.5018702814473074
45009,rrmpg_gr4j,0.05372716485575635,-0.009991372328839954,-0.19535594241610155
45009,rrmpg_hbvedu,0.011542125840498851,0.007166672437354471,0.1723588157580758
45012,rrmpg_gr4j,0.300257242590076,0.2431469164937866,-0.42616541593020185
45012,rrmpg_hbvedu,0.003864638583916835,-0.021366323272610455,0.0760907553999659
46003,rrmpg_gr4j,-0.006045372724587661,-0.04291325470836094,0.3883275688758234
46003,rrmpg_hbvedu,-0.0048638552419796866,-0.00022721423887228642,0.050663286384750705
46005,rrmpg_gr4j,0.027403666219494804,0.0016863757122790868,0.030785228184088353
46005,rrmpg_hbvedu,-0.005761881033895744,0.011957201833855624,0.11326883871667665
46008,rrmpg_gr4j,0.024630214331660627,0.05386143168969704,0.06117525610029412
46008,rrmpg_hbvedu,0.01799736404215746,0.013811925102637845,-0.046813914849510585
47001,rrmpg_gr4j,0.12503211904577216,0.1187983946418214,0.31753722542844964
47001,rrmpg_hbvedu,-0.003855578548583205,-0.009974166595996259,-0.03490056732907676
47004,rrmpg_gr4j,-0.16435476197086513,-0.09886061831922466,-0.23840096611814965
47004,rrmpg_hbvedu,0.00819160145895792,0.004526594049129473,-0.24871745669707002
47005,rrmpg_gr4j,0.13799807375173428,0.2303555221572911,0.5477016004295501
47005,rrmpg_hbvedu,0.008903632379799797,-0.004143619055108738,0.15431916099498977
47008,rrmpg_gr4j,0.20902962774261657,0.2137228390366845,0.13197979767433
47008,rrmpg_hbvedu,0.0015613277364052158,0.017383706487236084,-0.1429785229457745
47009,rrmpg_gr4j,0.2142002385759516,0.2039932045789703,-0.08691467341712739
47009,rrmpg_hbvedu,0.013152385955217394,0.00806608475577908,0.0760256956628023
47011,rrmpg_gr4j,-0.11416779003184818,-0.07429679865165362,0.4255081921718348
47011,rrmpg_hbvedu,0.007172615615230471,0.028713107767462276,-0.09553907312682758
47014,rrmpg_gr4j,0.016497425080828215,0.029011678362392546,0.2367039389042912
47014,rrmpg_hbvedu,0.0020311945557027755,0.018531975656780997,-0.1575631320250399
47018,rrmpg_gr4j,-0.14704864840088733,-0.09678716399256188,0.3624700571455537
47018,rrmpg_hbvedu,0.004374351656418807,0.0032855551667618776,-0.0317274750579325
48003,rrmpg_gr4j,0.16783224015192172,0.06559236907681965,-0.14953199999751715
48003,rrmpg_hbvedu,-0.008466007685004495,-0.00015669621002756262,0.20229847136675783
48004,rrmpg_gr4j,0.15562784556667592,0.025641866474961694,-0.52636853335241
48004,rrmpg_hbvedu,0.043512682952028814,0.01762149412956404,-0.10300904416350543
48005,rrmpg_gr4j,-0.13229783675609086,-0.11233351812434722,0.14242102088719233
48005,rrmpg_hbvedu,0.01977727920336958,0.01677249831274852,0.1948589170320849
48011,rrmpg_gr4j,0.11165722025689184,0.025697284653233954,-0.36582156265782234
48011,rrmpg_hbvedu,0.013095861814231835,0.008849327020593156,-0.03184251221211154
49001,rrmpg_gr4j,-0.002613108483896509,-0.09028500541594164,-0.5454293029718892
49001,rrmpg_hbvedu,0.00671314120372235,0.0035291599793875195,0.2888924166454343
49002,rrmpg_gr4j,-0.004970959315991563,0.007342458599035484,-0.14458095875072885
49002,rrmpg_hbvedu,-0.04774002813529998,-0.018280140524389754,-0.07511001220578994
49004,rrmpg_gr4j,0.05066029301415742,0.05977408046842181,-0.26426486817853134
49004,rrmpg_hbvedu,-0.017675520882432516,-0.008596873294331675,-0.01996703796560495
50001,rrmpg_gr4j,-0.29181355522026975,-0.3244308431937114,-0.14247144232375553
50001,rrmpg_hbvedu,-0.003431935564122357,-0.0032960741331981014,0.07706385005467631
50002,rrmpg_gr4j,-0.08585116289363759,-0.030257179141722435,0.33741098939528114
50002,rrmpg_hbvedu,0.004594877795943142,0.002836356683152741,-0.06097978961541339
50006,rrmpg_gr4j,-0.2018282247932922,-0.23068161949801796,-0.025012903856930502
50006,rrmpg_hbvedu,0.0003580966220666504,-0.011212540292181217,0.01882232717839699
50007,rrmpg_gr4j,-0.06249991233647728,-0.04485246661152109,0.15424163644423228
50007,rrmpg_hbvedu,0.003157986343783503,0.004256213201839665,0.08537219503060367
50008,rrmpg_gr4j,-0.09356876096597791,-0.042706695148864604,0.1531693759805337
50008,rrmpg_hbvedu,-0.0032106394470778343,-0.029712496743879824,0.03836149037867581
50011,rrmpg_gr4j,0.11515311618856267,0.06909832189745596,0.14381678962446098
50011,rrmpg_hbvedu,0.008101872975163626,0.005379548560207947,-0.03966845967778543
51001,rrmpg_gr4j,0.045446828453548305,0.02468618958701918,-0.02446465494674288
51001,rrmpg_hbvedu,0.028019938321605542,0.02929996817709235,0.13528695207154184
52004,rrmpg_gr4j,-0.09560608798890002,-0.12357928020319303,0.44229121452928355
52004,rrmpg_hbvedu,0.0013701485201528252,0.011931357386392838,-0.04807137244120596
52005,rrmpg_gr4j,-0.08288859565812623,-0.07358472323132792,0.19149958815639723
52005,rrmpg_hbvedu,-0.012725360561309906,-0.0017234038237861071,0.3158837609025653
52006,rrmpg_gr4j,0.002122205630446905,-0.006629070539275528,0.09916986875555811
52006,rrmpg_hbvedu,0.010167394383556738,0.0009201348439034085,-0.012195648014506455
52007,rrmpg_gr4j,0.04299661787631387,0.15967223424146088,0.018421370279092686
52007,rrmpg_hbvedu,0.0009431042136129886,0.003853937991271761,-0.074967723755338
52009,rrmpg_gr4j,-0.05961005333805114,0.0177298208233424,-0.044425375063798456
52009,rrmpg_hbvedu,-0.04388636278098745,-0.010949063790313796,-0.1000613844442424
52010,rrmpg_gr4j,-0.1542836029364134,-0.12335755882944732,0.16830130110868335
52010,rrmpg_hbvedu,-0.013797797889087415,-0.008232975545071408,-0.18775961240181493
52011,rrmpg_gr4j,-0.04330497611571661,-0.0708231344040975,-0.07186521522238876
52011,rrmpg_hbvedu,0.016117941802282765,0.008001180807413855,0.01684616154837329
52015,rrmpg_gr4j,-0.012508449207378591,0.04753219403071873,0.05500823779364861
52015,rrmpg_hbvedu,-0.0044872222010405305,0.0014814210433300445,0.15694705598594672
52016,rrmpg_gr4j,-0.07868037307385989,-0.05231513062147264,0.263537435418955
52016,rrmpg_hbvedu,0.00727414427203088,0.00018003059601900961,0.015232093148862313
53005,rrmpg_gr4j,0.12478359770740821,0.08037262956140123,-0.09393597062814008
53005,rrmpg_hbvedu,-0.007542743491626092,-0.006501947272887776,-0.022565106472151264
53006,rrmpg_gr4j,-0.3850067365513456,-0.48371507649433537,-0.10007973223700892
53006,rrmpg_hbvedu,0.015125963601940406,0.005706991734597211,0.07757271694345641
53007,rrmpg_gr4j,-0.0983882248850001,-0.09492313803672175,-0.05020932263584599
53007,rrmpg_hbvedu,0.015513340105091089,0.012812752526082383,-0.15467928753112947
53008,rrmpg_gr4j,0.082599967263154,0.07978448177916553,-0.07438571512222658
53008,rrmpg_hbvedu,0.0032021057263504904,0.0003697290769173467,-0.12645567895715448
53009,rrmpg_gr4j,0.031121501939798013,-0.040419539095178036,0.14701940023026328
53009,rrmpg_hbvedu,-0.015545143586230492,-0.008178568900112038,-0.07936292581786675
53013,rrmpg_gr4j,-0.0686741550467827,-0.06520212313465579,0.13206611907397747
53013,rrmpg_hbvedu,0.01085679267703199,0.0076215287534469045,-0.08298841929456469
53017,rrmpg_hbvedu,0.00646222473142144,-0.002168281837682251,0.032270139604072656
53018,rrmpg_gr4j,0.5711187680219575,0.5828566972917856,-0.18065561574208383
53018,rrmpg_hbvedu,0.0020101161483203622,0.0004986476918711347,0.10209911279723749
53022,rrmpg_gr4j,0.44408344470989825,0.35762773026247674,-0.03355765094069352
53022,rrmpg_hbvedu,0.011597500521639326,0.00302192039592597,-0.18331293437646587
53023,rrmpg_gr4j,-0.16423802251867298,-0.10208691190326447,-0.031291672988822294
53023,rrmpg_hbvedu,0.015291807283124847,0.007094170889147433,0.014558673828160895
53028,rrmpg_gr4j,-0.33726227455533775,-0.25835025795314875,-0.3337347839969158
53028,rrmpg_hbvedu,-0.01654315246281124,-0.009154888842738629,0.10123138594482395
54001,rrmpg_gr4j,0.14989900619985158,0.07956147354354048,-0.19195683773296057
54001,rrmpg_hbvedu,0.013562982780166877,0.008381426582187879,-0.08794418174774554
54002,rrmpg_gr4j,0.28167870038651427,0.2964039974617657,-0.45856764506865255
54002,rrmpg_hbvedu,-6.291698828375658e-05,0.014067966589876413,0.012104526153545958
54003,rrmpg_gr4j,0.004262971425586515,0.0422261302314208,-0.16056580995390551
54003,rrmpg_hbvedu,-0.0002927497238104926,-0.023124187995926027,-0.018773441354335618
54004,rrmpg_gr4j,-0.2396049401918125,-0.2823658695610627,-0.18471241910593816
54004,rrmpg_hbvedu,0.00883373445213409,0.03481689000559007,0.18537279205946988
54005,rrmpg_gr4j,0.03009544376916501,0.028443987303730434,-0.3180754285736802
54005,rrmpg_hbvedu,0.00783723457684915,-0.0038645183984817866,0.043156043381947784
54007,rrmpg_gr4j,0.1805210006268117,0.23846778645116518,0.059865530077861294
54007,rrmpg_hbvedu,0.00818363629476676,-0.004342578623561799,-0.06593455423976446
54008,rrmpg_gr4j,0.19689112431261369,0.20749899829177054,-0.021251226664350698
54008,rrmpg_hbvedu,0.0146116575960209,0.00640732610598671,0.0500712067222024
54011,rrmpg_gr4j,-0.12605174523940726,-0.1815354734825342,0.004262744736554025
54011,rrmpg_hbvedu,0.01694014053319909,0.012196034616587192,-0.12048742698897763
54012,rrmpg_gr4j,0.050280583047652316,0.0743777328766817,-0.25255431827620844
54012,rrmpg_hbvedu,0.002402463736815408,0.001493525244955607,0.11296609506361577
54015,rrmpg_hbvedu,0.01702847213899572,0.061086947646659506,-0.1566955981071113
54016,rrmpg_gr4j,0.033366988076254156,-0.03444862964824158,-0.620281696964464
54016,rrmpg_hbvedu,-0.002248473834555953,0.0036430034108348996,-0.15311579175382528
54017,rrmpg_gr4j,-0.07399613373757741,-0.02525107346671579,0.10080766964216498
54017,rrmpg_hbvedu,-0.005326482810315281,0.002636846369300394,0.5103433060756905
54018,rrmpg_gr4j,0.0758392440486147,0.02517424576077587,0.04412662571946199
54018,rrmpg_hbvedu,-0.011758290937968319,-0.006995550621211821,-0.07769427655958339
54019,rrmpg_gr4j,-0.1825351272052414,-0.22126044682601714,0.05892323687702378
54019,rrmpg_hbvedu,0.005426819622990631,-0.004907442137750184,-0.02190358243575921
54020,rrmpg_gr4j,-0.13470969265191424,-0.06584533632598288,0.5106897117114821
54020,rrmpg_hbvedu,-0.0056811409386374745,-0.0009985772380507463,-0.02281210950093282
54022,rrmpg_gr4j,-0.13369868155040132,-0.15000493626623856,0.07275104471945637
54024,rrmpg_gr4j,0.14810811339827729,0.13782348632133223,0.16225832717064248
54024,rrmpg_hbvedu,-0.006111317890221402,-0.0039850670493752904,0.16543109406950993
54025,rrmpg_gr4j,-0.1966823528949529,-0.20624248051646088,-0.2275186172505228
54025,rrmpg_hbvedu,0.005160982754669918,-0.011569559870168056,-0.08614560305558133
54027,rrmpg_gr4j,-0.17362759883403273,-0.20149150823441297,0.3298413438728304
54027,rrmpg_hbvedu,0.0035371323778295993,0.021126034820256656,0.02084138401077329
54028,rrmpg_gr4j,0.06530999808209342,0.05742681680009154,-0.24327138041271448
54028,rrmpg_hbvedu,-0.004803038848978203,0.002069275356607281,0.015700007587679476
54029,rrmpg_gr4j,0.11898382158553328,0.08024865988594021,0.3418750976793903
54029,rrmpg_hbvedu,0.006245495731565853,0.006844886615156254,-0.046628979755378004
54032,rrmpg_gr4j,0.21452810672572686,0.16539496324470782,-0.04933028709723408
54032,rrmpg_hbvedu,-0.0037303159160628763,-0.008548144399552982,0.24753721563090902
54034,rrmpg_gr4j,-0.17519150735166042,-0.3945379134711759,0.09985847814923038
54034,rrmpg_hbvedu,-0.01454992290536361,-0.013726828164831006,0.04593222280019038
54036,rrmpg_gr4j,-0.015467272011226385,0.077447553291903,0.5683193864365537
54036,rrmpg_hbvedu,-0.0014938305369268101,0.013937532592874724,-0.14786843272191086
54038,rrmpg_gr4j,0.01857487135679592,0.019912615179899174,0.16981258318291098
54038,rrmpg_hbvedu,-0.0016671686905375127,0.01876974684753907,0.03479962474679543
54044,rrmpg_gr4j,0.06156768190941378,0.08214068061290303,0.01353603009389609
54044,rrmpg_hbvedu,0.014239343349791211,-0.00181337530402359,-0.1260470977508798
54048,rrmpg_gr4j,0.1524881296281133,0.2769886304984438,0.1511277770973498
54048,rrmpg_hbvedu,0.003921661208415028,0.018883430380463473,0.11253566812298055
54049,rrmpg_gr4j,-0.09417448952800991,-0.17965661228461088,0.43310310132286695
54049,rrmpg_hbvedu,0.022717925939439332,-0.0302124066694458,0.009789648972681003
54052,rrmpg_gr4j,0.07250350648114329,0.07743120997517478,-0.23462743080999338
54052,rrmpg_hbvedu,0.003933916017068717,0.0023279986283242238,0.1549239387384399
54057,rrmpg_gr4j,0.24549641743517664,0.16347425948665284,0.057361846409236694
54057,rrmpg_hbvedu,0.012012192528862764,0.0011891800066602398,0.11201325088033265
54060,rrmpg_gr4j,-0.1650947643460979,-0.17637781358591398,-0.3906657617305618
54060,rrmpg_hbvedu,0.00497732091578057,-0.00444680578840978,0.02360960686552982
54063,rrmpg_gr4j,0.048757506695598,0.0027184352282474955,-0.3348658076019594
54063,rrmpg_hbvedu,0.01308659439572668,0.017139523190771166,-0.1318448085675011
54080,rrmpg_gr4j,0.08234496881381548,0.055758120242886566,0.27221251902725296
54080,rrmpg_hbvedu,0.003906511864107398,0.0024957052954867054,0.06716893188880152
54095,rrmpg_gr4j,0.016187557403621322,-0.08271397571918881,0.12251879383397979
54095,rrmpg_hbvedu,-0.006671950887766009,-0.0034069162793528562,0.24361892795779316
54096,rrmpg_gr4j,0.04238964621697519,0.040866223744947194,-0.025788513849350547
54096,rrmpg_hbvedu,0.0287114233620116,0.014352200000988802,-0.027682928451851885
55002,rrmpg_gr4j,0.13022323330237673,0.20585055413932185,-0.5904948266198011
55002,rrmpg_hbvedu,0.004390970793731741,0.0013067610075628844,-0.004292599847208478
55007,rrmpg_gr4j,0.14709900219150102,0.15747582992445308,0.11135687908212481
55007,rrmpg_hbvedu,0.0017816578940528238,0.0027553687632135837,0.021613879191745677
55008,rrmpg_gr4j,-0.0011572304957513935,0.015459956079854897,-0.0706479833106024
55013,rrmpg_gr4j,0.2288205772914446,0.26938789703308863,0.3312877220147475
55013,rrmpg_hbvedu,-0.013512035168144476,-0.0018042891193049693,0.043553048647958725
55014,rrmpg_gr4j,0.1193577628369965,0.15243701815749577,-0.3088362434027132
55014,rrmpg_hbvedu,0.01728756955780597,0.006174334570234308,0.05446235759293608
55016,rrmpg_gr4j,0.0788585427840035,0.06482390851980491,-0.0775975332681606
55016,rrmpg_hbvedu,0.012314205567321879,0.011142960607521402,0.014994483348616583
55018,rrmpg_hbvedu,-0.008817017702762109,-0.005977845744659094,-0.003294043071577435
55021,rrmpg_gr4j,-0.2257594756893907,-0.247899309113557,0.09962418914299648
55021,rrmpg_hbvedu,0.012286054180016492,0.0043604059513551174,0.09522322140404774
55023,rrmpg_gr4j,-0.178726243527706,-0.1598765440048534,0.040015331300361834
55023,rrmpg_hbvedu,0.007494116275794216,-0.00018680244466007245,-0.006121453246738684
55025,rrmpg_gr4j,-0.2845110142639985,-0.20256884593730673,0.30965376012291923
55025,rrmpg_hbvedu,-0.0022170001565483544,0.017880489386535636,-0.018872245255099784
55026,rrmpg_gr4j,-0.1979799242223344,-0.20053355758623914,-0.006082141608892477
55026,rrmpg_hbvedu,0.011347750230217613,0.003613651747966795,0.0308991003261454
55029,rrmpg_gr4j,0.08539697747202912,0.08221580456398048,-0.16131612441257553
55029,rrmpg_hbvedu,-0.012375471977222885,-0.008936415514491647,-0.04624429281936071
55032,rrmpg_gr4j,-0.05834238343377102,-0.024289231401420308,-0.5128078241771257
55032,rrmpg_hbvedu,0.008125023796283437,0.020366247749209643,0.0214996670373806
56001,rrmpg_gr4j,0.18643558763495433,0.09794083239491946,-0.3324653902217214
56001,rrmpg_hbvedu,0.004333277542494018,0.00813303703560364,-0.19058584067247109
56002,rrmpg_gr4j,-0.01826093545569729,-0.010096140076537807,0.24952769774341632
56002,rrmpg_hbvedu,0.006334247910362911,0.0022629843654324855,-0.12634747401187563
56007,rrmpg_gr4j,0.0033343139082105955,0.026829472242290098,-0.39055806709415064
56012,rrmpg_gr4j,-0.005190828786087176,0.05531329372879268,0.25709614552820376
56012,rrmpg_hbvedu,-0.024059696081076387,-0.007862440613735533,-0.02691035713512535
56013,rrmpg_gr4j,0.053558532560458116,0.0677122529110416,-0.25810734385846656
56013,rrmpg_hbvedu,-0.008796194306211091,-0.0017279910697335366,-0.1785555803442631
57004,rrmpg_gr4j,-0.056770852632076596,-0.12438653052082466,0.0701075719913271
57004,rrmpg_hbvedu,0.0073817578660264616,0.004097765057106795,0.01189873415265319
57005,rrmpg_gr4j,-0.0325434007120875,-0.04828700968181965,-0.1411651968164977
57005,rrmpg_hbvedu,0.01010296040534231,0.02487612778133702,0.015954147128056317
57006,rrmpg_gr4j,0.127213712365996,0.13102974447815963,0.0610687734100025
57007,rrmpg_gr4j,-0.11751953928910486,-0.12120288487719061,0.1545051114419418
57007,rrmpg_hbvedu,0.001474983698152521,0.006833305360443742,-0.2978008083904438
57008,rrmpg_gr4j,0.18552429294369127,0.16610782988423783,-0.3811237955791926
57008,rrmpg_hbvedu,-0.0034470706679101126,-0.00427004235337014,0.1584063710709192
57009,rrmpg_gr4j,0.004907934127834468,-0.06236225386759486,-0.12945985868843182
57009,rrmpg_hbvedu,0.004358048260521108,0.01030326621327493,0.05658906864198049
58001,rrmpg_gr4j,-0.2664332106243192,-0.2031983474586656,-0.4799697439418087
58002,rrmpg_gr4j,-0.04164831182153511,-0.049222432502869395,-0.0030956360813783057
58002,rrmpg_hbvedu,0.010658415234374385,0.025291558114229895,-0.07260564299690231
58006,rrmpg_gr4j,-0.0028225617803628866,-0.005856087771553609,0.0992838129119068
58006,rrmpg_hbvedu,0.010313853637608117,0.03641289471530157,-0.19005335032499301
58008,rrmpg_hbvedu,0.013044048494543992,0.011300718341205884,0.11454273219169658
58009,rrmpg_gr4j,-0.06919512098663194,-0.024199560992391955,0.29364421824844195
58009,rrmpg_hbvedu,0.0383083419668227,0.011271875445398205,-0.09410230165627403
58012,rrmpg_gr4j,-0.00976182684066873,-0.0786583201107045,0.26279595300471603
59001,rrmpg_hbvedu,0.006870260828893027,0.01140448213590689,0.017301399733526207
60002,rrmpg_gr4j,-0.1339000402835988,-0.09959806108571839,-0.4773667386634225
60002,rrmpg_hbvedu,-0.00293765164791171,-0.01969677893204619,-0.0820079200230781
60003,rrmpg_gr4j,-0.09009730045752962,-0.06298201662460068,-0.4346703595996039
60003,rrmpg_hbvedu,-0.006021053536275245,-0.005568259681361432,-0.18599809546902468
60005,rrmpg_gr4j,0.00390092474956677,-0.03196168832148094,-0.458309578174373
60005,rrmpg_hbvedu,-0.0028601665454849323,-0.004170087316640481,0.05729751176615183
60006,rrmpg_gr4j,-0.037570650259084626,0.06355179237901648,-0.1122509107928503
60006,rrmpg_hbvedu,0.00451677810315243,0.0028546508128011183,-0.1081389721460837
60010,rrmpg_gr4j,0.01410048093273758,-0.0003807246072067838,0.06471901945929392
60010,rrmpg_hbvedu,-0.010077701747249646,6.0745511770377014e-05,0.24321196274327644
60012,rrmpg_hbvedu,-0.012263857634559894,-0.0323101783243685,0.043030186986597274
61001,rrmpg_gr4j,0.28809889297806923,0.3533179772329047,0.13627818130303482
61001,rrmpg_hbvedu,0.005492900093947539,0.007972429206759779,0.10924037342022741
61002,rrmpg_gr4j,0.054851582999712045,0.05007978798153401,-0.39644706044775
61002,rrmpg_hbvedu,0.010012346513175674,-0.00018790537318957856,0.1012379444096288
62001,rrmpg_gr4j,-0.012680021026922672,0.03673588146480766,-0.34958885650379745
62001,rrmpg_hbvedu,-0.005106866603209248,-0.004386608619100119,-0.01570999001543294
63001,rrmpg_gr4j,0.08251795641892001,0.07822999405803488,-0.15271238137561932
63001,rrmpg_hbvedu,0.016176328929885186,0.044168061577694484,0.24333961784593855
64001,rrmpg_gr4j,0.1827310222402462,0.14148462944966272,0.43240290784162744
64001,rrmpg_hbvedu,-0.006870492865734934,-0.020242333946170477,-0.28721719023984293
64002,rrmpg_gr4j,0.15108967486057984,0.012670085522090924,0.018419252092067295
64006,rrmpg_gr4j,0.030239158403958077,0.004242089378839964,-0.2962004846616415
65001,rrmpg_gr4j,-0.2520708166728936,-0.30266711232754495,-0.3412971857466716
65004,rrmpg_gr4j,0.013350151326839421,-0.04266130623766107,-0.2637474075431263
65004,rrmpg_hbvedu,0.002314218153546599,0.007636731611128544,0.013129662080012539
65005,rrmpg_gr4j,-0.004194809068851196,-0.052402893475465895,-0.29661360567670925
65005,rrmpg_hbvedu,-0.025142053465159186,0.00042960560521959623,0.06369851142324728
65006,rrmpg_gr4j,-0.13085559414811748,-0.10190933688801107,0.032046644960239346
65006,rrmpg_hbvedu,-0.0030105269503428733,-0.006874954449894499,0.0372123667130736
65007,rrmpg_gr4j,-0.144089477538817,-0.09291112044664301,0.1502646101678105
65007,rrmpg_hbvedu,0.012417066690839806,0.005793435780781897,0.007463523508071501
66001,rrmpg_gr4j,-0.2874125102970865,-0.164368439960826,-0.03841033841965491
66001,rrmpg_hbvedu,0.023138805457177725,0.008673273067872134,-0.19281543476173457
66004,rrmpg_gr4j,0.11045705987889298,0.05643120355589548,-0.20138143433844619
66004,rrmpg_hbvedu,0.06428259760913341,0.03672665163496669,0.0997129143893731
66006,rrmpg_gr4j,0.0926359337835802,0.08177171089383145,0.086994769611628
66011,rrmpg_gr4j,0.14569852877668432,0.1766867659287738,-0.03670805005270705
67001,rrmpg_gr4j,0.14875225060424768,0.04963529063012839,-0.1508365919149064
67001,rrmpg_hbvedu,-0.02026104048160071,-0.007577188888457709,0.10168825685144323
67005,rrmpg_gr4j,-0.06152252246636336,-0.09193012850549342,-0.5150137898968963
67005,rrmpg_hbvedu,0.012590588704688432,0.007666165975610539,-0.00492488563994159
67006,rrmpg_gr4j,0.03184605997893769,0.030351819869544105,-0.16935318190694648
67006,rrmpg_hbvedu,0.023881181948883834,0.0147828082246243,0.01849343537627468
67008,rrmpg_gr4j,-0.1621768885158274,-0.14218432722895497,-0.12062461198989705
67015,rrmpg_gr4j,0.112962785804752,0.054372945570570375,-0.03889259232902187
67015,rrmpg_hbvedu,-0.011321524622981416,-0.00304419680101653,0.30279686940882167
67025,rrmpg_gr4j,-0.037898172011501585,-0.03853657738759014,0.018706264356383673
67025,rrmpg_hbvedu,0.011104274705851513,0.005420575603261257,0.2309324436388982
68001,rrmpg_gr4j,-0.028560610576988277,-0.04465753376563841,-0.4308141481611918
68001,rrmpg_hbvedu,-0.035892697565563236,-0.008882739372465753,0.1178774739243677
68003,rrmpg_gr4j,-0.0733445145629113,-0.08243565307365996,0.12571250912164061
68003,rrmpg_hbvedu,0.0004649667985122119,0.00803990864193349,-0.04496650542057529
68004,rrmpg_gr4j,0.04917147864394458,0.07041392605041777,-0.20415259791274298
68004,rrmpg_hbvedu,0.013153614022622329,0.007098321436453503,0.0112620618824118
68005,rrmpg_gr4j,-0.026466441389318363,-0.00562427702529561,-0.043337477495638904
68005,rrmpg_hbvedu,0.0019147123593034054,0.0022418070939929646,0.11132014978889218
68020,rrmpg_gr4j,0.038284434741411896,-0.0175768739830319,-0.25189591733585615
68020,rrmpg_hbvedu,0.010695884454057114,0.006647234692659598,0.09766623494152848
69002,rrmpg_gr4j,-0.08819873570466702,-0.08578770038922656,-0.044001614237843295
69002,rrmpg_hbvedu,-0.018224552276663086,-0.001492308780880136,0.1672071175402708
69007,rrmpg_gr4j,0.0834764594662333,0.11355091359753289,0.004230804402343802
69012,rrmpg_gr4j,-0.048096185690423315,-0.06960531433342193,0.10101002664239611
69012,rrmpg_hbvedu,-0.07292546328152083,-0.006716499567115397,-0.000569035861542333
69015,rrmpg_gr4j,0.03788461694205297,-0.00855524272517677,0.223867042765302
69017,rrmpg_gr4j,-0.006473688864410493,-0.0017205417012852164,0.009531529365110591
69023,rrmpg_gr4j,-0.012869989456413378,0.05021448447755539,-0.0966994332568229
69023,rrmpg_hbvedu,-0.011373906866609884,-0.0035960437936155554,0.02101069302770972
69027,rrmpg_gr4j,-0.04700504037710321,-0.04359437638627717,0.3205011446237247
69027,rrmpg_hbvedu,0.003118772574720874,0.00475748557705391,-0.04892486258417117
69030,rrmpg_gr4j,-0.042785149940694406,0.013656925342824922,-0.1723719161307598
69030,rrmpg_hbvedu,0.0028478150921218415,0.005464780058535179,0.1072639742331305
69032,rrmpg_gr4j,0.032781659711391395,-0.02917819332216487,-0.2381296791425302
69032,rrmpg_hbvedu,0.00857903521711989,0.008896351119240309,0.10873843291086338
70002,rrmpg_gr4j,0.060399601486257115,0.05609445593504647,-0.12547431210611898
70002,rrmpg_hbvedu,0.0171977079831388,0.009974600087577112,-0.11940970670402273
71001,rrmpg_gr4j,-0.1578973088775818,-0.2050387551123954,0.2565511913596418
71001,rrmpg_hbvedu,0.010271804469316193,0.0395166287108325,0.11467852666517273
71004,rrmpg_gr4j,0.1024099208649511,0.10131402679669899,0.25406591033706377
71004,rrmpg_hbvedu,0.0043615083677669975,-0.008273340931800266,0.003375053221949087
71006,rrmpg_gr4j,-0.008032340254141901,-0.035347186993220425,-0.052892382608258015
71006,rrmpg_hbvedu,-0.001239970329905693,-0.012934736840842231,-0.08121796787251057
71008,rrmpg_gr4j,-0.1495662548405372,-0.20614265808489937,-0.11914718141098571
71008,rrmpg_hbvedu,0.010574738046880194,0.01889563439358566,0.03490257738163449
71014,rrmpg_gr4j,-0.07282126418421403,-0.08033582491086272,0.03558452310378579
71014,rrmpg_hbvedu,0.019581917500811785,0.022067891026155473,-0.20562105011761234
72002,rrmpg_gr4j,0.07733836070120548,0.06642907156057298,0.019276511351462598
72002,rrmpg_hbvedu,-0.0003711830104761171,0.009405743299655434,0.04174163251326082
72004,rrmpg_gr4j,0.02258640184962951,0.03942979809840286,-0.0174100125646017
72004,rrmpg_hbvedu,0.005392170824922604,-0.011078324793700522,0.050212684987185285
72005,rrmpg_gr4j,-0.026251229608931725,-0.041444987100394126,0.1778584224304361
72005,rrmpg_hbvedu,0.001091069238922382,-0.00017475898751728725,0.008899582632744513
72007,rrmpg_hbvedu,0.002359254395352617,-0.01861887519221883,-0.0878374687177212
72009,rrmpg_gr4j,0.039371083968317705,0.11552839148957289,-0.053203601191023304
72009,rrmpg_hbvedu,-0.009511494729122383,-0.001061161594047677,0.050633243162485825
72014,rrmpg_gr4j,-0.1512473850778866,-0.1539785723432321,-0.03161046710386961
72014,rrmpg_hbvedu,0.000646578654644403,-0.0020064227558992953,0.0018060841140460082
72015,rrmpg_gr4j,0.23907319013369252,0.2845786486389501,0.2349866580474717
72015,rrmpg_hbvedu,0.0002470999488214942,-0.007975740383075691,-0.03562324282412782
73005,rrmpg_gr4j,-0.2079921364072172,-0.12922387082943076,-0.0642305180337485
73005,rrmpg_hbvedu,-0.00782331525249208,-0.001637998076443492,-0.020385462581099523
73009,rrmpg_gr4j,0.2007463961078998,0.18000085017172107,-0.03343045496721239
73010,rrmpg_gr4j,0.03642382196929461,0.004298219334351372,-0.12004186272678874
73010,rrmpg_hbvedu,-0.016226053363198933,0.0051420850342090985,-0.051939548700848714
73011,rrmpg_gr4j,0.1660827422172284,0.17824881550179883,-0.10695408205038412
73011,rrmpg_hbvedu,0.009945875207030108,0.00776174054992762,0.1202148234564937
73015,rrmpg_gr4j,0.0428689150757343,0.08423223996436785,0.06521264286263251
73015,rrmpg_hbvedu,0.017229743917177687,0.01832781047268489,0.04619241469606972
74005,rrmpg_hbvedu,-0.0010711200221314998,0.0005912310336853022,0.01130514448766795
75003,rrmpg_gr4j,-0.1864764399759382,-0.14150374761474294,0.6078887457456403
75003,rrmpg_hbvedu,-0.005850294723096061,-0.007911752215859602,-0.04533003048449746
75004,rrmpg_gr4j,-0.155460986157957,-0.1511737619117175,-0.050970665435021045
75004,rrmpg_hbvedu,0.01265908161067164,0.013071226164137806,0.1259224601377914
75017,rrmpg_gr4j,-0.05545444353389509,-0.05511703668499979,0.07167165142045806
75017,rrmpg_hbvedu,-0.0111514228510467,-0.0017065525280434146,-0.0394725628250408
76003,rrmpg_gr4j,-0.11470862857704822,-0.12289963787695202,1.2808551407921236
76003,rrmpg_hbvedu,0.0028305283466696363,0.0030440846131529753,-0.008013842430252938
76005,rrmpg_gr4j,-0.020293478326898207,0.024612535979088468,-0.0920431311659741
76005,rrmpg_hbvedu,0.0036909900393353734,-0.01961654718330902,-0.14331786457554957
76007,rrmpg_gr4j,-0.23588907221266447,-0.17417242410068223,-0.5262264062429596
76007,rrmpg_hbvedu,0.010708248864575665,0.003378038386689708,-0.029297331492817325
76008,rrmpg_hbvedu,0.005442492060219684,0.013505369461979,0.05602056893908647
76014,rrmpg_hbvedu,0.010641173710417229,0.03668193417036919,0.1417492082890109
77002,rrmpg_hbvedu,0.0020769088762147003,0.01763416249764327,0.008357802756112087
77003,rrmpg_hbvedu,0.0026529727859898045,0.0019647887510028106,0.05904064026806899
77004,rrmpg_gr4j,0.10102077263159731,0.13081193042610495,0.11472869121226043
77004,rrmpg_hbvedu,0.014191492062808952,0.005511194524663532,-0.018901614916249476
78003,rrmpg_gr4j,-0.2479589793496836,-0.20134874079353582,0.5891517366681865
78003,rrmpg_hbvedu,-0.000707944340086919,-0.002909857689215367,-0.0192512223092286
78004,rrmpg_gr4j,0.021434704991084103,0.02520609547537009,-0.13024778145306648
78004,rrmpg_hbvedu,-0.00814738699192985,0.0044410819114729105,0.1365083847578266
78006,rrmpg_gr4j,0.012632562328784624,0.01927515591266976,0.032081869640512906
78006,rrmpg_hbvedu,0.010431897784465904,-0.019103345954479822,-0.04750279068571861
79002,rrmpg_gr4j,-0.07407192758626541,-0.0637498506585279,-0.3834204904163776
79002,rrmpg_hbvedu,-0.0033333181492358754,-0.005091335684256015,-0.024475838520539805
79003,rrmpg_gr4j,-0.1072588532870693,-0.10564850462149622,-0.6008838454613269
79003,rrmpg_hbvedu,0.008848279946549908,-0.006879174934191878,-0.0866127210337464
79004,rrmpg_gr4j,0.1866613242888367,0.18589688491802647,-0.0008656534116742998
79004,rrmpg_hbvedu,-0.0015040694805237842,0.014375839071261387,0.0310567453098346
79005,rrmpg_gr4j,-0.22593081883335892,-0.21777932272409917,0.1326105664759326
79005,rrmpg_hbvedu,0.007940575049189103,-0.0006292114132175897,-0.02426002470453309
79006,rrmpg_gr4j,0.3034517901542955,0.3211580841220662,0.4534600996514646
79006,rrmpg_hbvedu,0.007595203379959503,-0.013339052236333582,-0.07101482993681896
80001,rrmpg_hbvedu,0.0009091693097318387,-0.0013776332681457726,0.027615844086165395
80002,rrmpg_gr4j,0.005886578173131096,0.013575264102724471,0.14132354601006525
80002,rrmpg_hbvedu,-0.003017821823991018,-0.0013543870287989757,0.02634282790956277
80006,rrmpg_gr4j,0.04987079105632369,-0.0002644322307201463,-0.04993851720595588
81002,rrmpg_hbvedu,0.006676922602524227,0.002032021921054339,-0.04162974539430864
81004,rrmpg_hbvedu,-0.011577305366802682,-0.00722982434659003,-0.004887235907893306
82001,rrmpg_gr4j,0.1251338229418567,0.10898795430118402,0.6471949849786081
82001,rrmpg_hbvedu,-0.005563216626659373,-0.016479124682420854,-0.0480431591530216
82003,rrmpg_hbvedu,0.005623165167778665,-0.0018824227853476705,0.07114179720095237
83003,rrmpg_hbvedu,0.01052388915087854,0.007157899933253387,0.06443205906632543
83004,rrmpg_hbvedu,9.187861071546788e-05,0.0038205002494489104,-0.01487537594203836
83006,rrmpg_hbvedu,-0.001786605458107493,-0.008126501973093836,0.012420470239269843
83007,rrmpg_gr4j,-0.1251684658530861,-0.14389487513049992,0.02217195197380961
83007,rrmpg_hbvedu,0.01649995193792675,0.03363416812189246,-0.003379389455194559
83009,rrmpg_hbvedu,0.0016577228422636203,0.006332853595469423,0.05739883002603613
83010,rrmpg_hbvedu,0.0006731273776033331,0.011405342781264038,-0.005501393862882786
83013,rrmpg_hbvedu,0.009026167550786612,-0.014931869892221172,0.0006896164158209928
84001,rrmpg_hbvedu,-0.010320970448886801,0.006052392728488898,0.05031466977199739
84004,rrmpg_gr4j,0.013932860809662606,0.015304695308707927,-0.058561470788949
84004,rrmpg_hbvedu,-0.028996707366002017,-0.009628452129385234,0.14950114324082037
84005,rrmpg_gr4j,-0.0237754413867714,-0.037053454238380024,-0.03450787884933837
84005,rrmpg_hbvedu,-0.009061232676627506,-0.022104927661427354,-0.0685034468878899
84008,rrmpg_gr4j,-0.11056412692815126,-0.11672211498573659,-0.2101014953264652
84008,rrmpg_hbvedu,0.004821425556169767,0.0010512950325570758,0.0948516459840659
84009,rrmpg_hbvedu,0.007285539963090615,0.0015668732812516017,0.11053357330277652
84012,rrmpg_hbvedu,-0.008043601913005627,-0.0022344418723933,0.06791376923141024
84013,rrmpg_hbvedu,0.015662802661270514,0.012585906514643974,0.0006567598249065387
84014,rrmpg_hbvedu,0.005683884386965876,-0.002227598788559604,-0.06188356130763395
84016,rrmpg_hbvedu,-0.021913219992852506,-0.015101941141889452,0.02950759117963131
84017,rrmpg_gr4j,0.1106583465746942,0.07865958461191802,0.2299783323147293
84017,rrmpg_hbvedu,0.024569855034973886,0.004911281755007213,-0.03240240756504842
84018,rrmpg_gr4j,0.17054854553445908,0.15782739382552635,0.44377836548721766
84018,rrmpg_hbvedu,0.016926031603314406,-0.00013158035615334907,-0.07770816016664028
84019,rrmpg_hbvedu,-0.013552498387589706,-0.003916437143692386,-0.011079618388384338
84022,rrmpg_hbvedu,-0.00819383993544992,0.012106174795018965,0.005254268176087928
84026,rrmpg_hbvedu,-0.005289328839726826,-0.001342411070295535,-0.02496829026235614
84030,rrmpg_hbvedu,0.002452858101009814,0.015193250760754617,-0.057659010400491484
85001,rrmpg_gr4j,0.014410456496322888,-0.00029182744778122327,0.15732358153419745
85001,rrmpg_hbvedu,0.0528533540143834,0.018927033180824004,0.015319689062379072
85002,rrmpg_gr4j,0.1679283525731656,0.2009482177829831,0.3811423394906366
85002,rrmpg_hbvedu,0.0011208136565878934,0.014465968699437393,0.016232238313897585
85003,rrmpg_gr4j,0.03515031401540791,0.06866244412994749,0.19234679815205874
89007,rrmpg_gr4j,0.1070907753395382,0.1096822885674299,-0.0038011890838317575
92001,rrmpg_gr4j,0.1093844565918835,-0.006684150581230064,0.04241579943835205
92001,rrmpg_hbvedu,0.0231593370426564,0.007789751503784359,-0.018864056825850017
93001,rrmpg_gr4j,-0.1611022591506997,-0.12595480743934195,0.11272274677757377
94001,rrmpg_gr4j,-0.02330316208233202,0.03276645397396716,-0.09524669663550789
94001,rrmpg_hbvedu,0.03699128794983758,0.015660009649583362,-0.1995315689575683
95001,rrmpg_gr4j,-0.0009179795768176069,0.015346231642503039,-0.18199140115505363
95001,rrmpg_hbvedu,-0.06501415949445272,-0.02729094321461467,0.062068146570520843
96002,rrmpg_gr4j,0.156518978459044,0.1552357085903997,0.5627782707498918
96002,rrmpg_hbvedu,0.0014611634018890651,0.02375220142349377,0.06234754906510198
97002,rrmpg_hbvedu,-0.013814615295661525,-0.012514686420895926,0.04241121538133785
101002,rrmpg_gr4j,-0.004195976961179015,-0.00771436255245983,0.1472124616103685
101002,rrmpg_hbvedu,0.0016530763332784915,-0.0037427260683422503,-0.29649192538697333
101005,rrmpg_gr4j,-0.03158728421016732,-0.0170144344549637,-0.29042695303676513
101005,rrmpg_hbvedu,-0.0052213667104815675,-0.0017216599308248481,-0.11962127097353137
102001,rrmpg_hbvedu,0.012289736730266398,0.021710230676281694,0.06444693032103788
106001,rrmpg_gr4j,-0.04174405829199869,0.02965028595418151,-0.13870209540727552
106001,rrmpg_hbvedu,-0.00032352664648149787,0.01378506432810378,0.004273038013032471
