raw_weighted_beta_variance,de_weighted_beta_variance,variance_reduction_fraction,raw_n_bins,de_n_bins,draw,n_gauges
0.35286777410502873,0.35325364385343083,-0.0010935250445603163,24,19,0,150
0.31679565451143793,0.29499647696500997,0.06881147905910086,24,19,1,150
0.24247641463030328,0.24910540706313364,-0.027338710212031905,24,20,2,150
0.27584529588474255,0.2520767880602597,0.08616607996974561,24,19,3,150
0.4354018534383608,0.40189685560820726,0.076951895279189,24,19,4,150
0.26712268079198054,0.2329019079281213,0.1281088253621877,24,19,5,150
0.35127471962070417,0.3681730322917862,-0.048105689727197955,24,19,6,150
0.27350077413642526,0.2687354835073047,0.017423316786458476,24,19,7,150
0.38809110243161704,0.35309843565232074,0.09016611450261766,24,20,8,150
0.36849786520101113,0.35203238664879816,0.04468269726130233,24,19,9,150
0.3526257889656636,0.2927521131791617,0.16979380879125658,24,21,10,150
0.3970087749716819,0.32785294765176676,0.1741921883838662,24,20,11,150
0.2940937322748408,0.26917119995009786,0.08474350042064813,24,20,12,150
0.39324700084065095,0.3600763957985068,0.08435056077029135,24,20,13,150
0.3369839131241734,0.3460511680663707,-0.026907085439583416,24,20,14,150
0.35522948162316764,0.3029572653525895,0.14715055752616063,24,19,15,150
0.4155529034208067,0.372791851751297,0.10290158320999154,24,20,16,150
0.3151005261912702,0.3118582593568255,0.01028962684904128,24,19,17,150
0.2693073034870756,0.23389845301475057,0.1314812112922305,24,20,18,150
0.4014813989526708,0.3682942277299973,0.08266179033262216,24,20,19,150
0.41278585426245584,0.3453733063156216,0.16331118726750818,24,19,20,150
0.33722916274900583,0.31722945520421514,0.05930598463596147,24,20,21,150
0.2596660224439467,0.2189043082748926,0.1569774658440467,24,19,22,150
0.2766536601234895,0.21180103502233022,0.23441809904922684,24,19,23,150
0.3766352198391802,0.3002312215580859,0.20285940946711808,24,20,24,150
0.33512872461592,0.3100346277686534,0.07487897934152352,24,21,25,150
0.2768502411381866,0.2583313837881803,0.06689124515070524,24,20,26,150
0.304844385379765,0.3070052175227689,-0.007088312091797246,24,20,27,150
0.3785439886682018,0.32120185530590106,0.15148076598453608,24,20,28,150
0.4121015882531604,0.37562600864825585,0.08851113571175327,24,20,29,150
0.44434116775227994,0.4017923902953364,0.09575700057723315,24,20,30,150
0.29602487158718893,0.2949324969273889,0.0036901448650010315,24,20,31,150
0.33310591367383885,0.29954802795448565,0.10074238955784931,24,19,32,150
0.40005929241394156,0.37609235963594784,0.05990845165319925,24,20,33,150
0.43191921945617623,0.3553421619093789,0.17729486000464276,24,19,34,150
0.3572117517642045,0.3209836483745428,0.1014191252408064,24,19,35,150
0.24832717513914865,0.25385790297390154,-0.02227193955576461,24,19,36,150
0.31585159511197364,0.2855034392475825,0.09608359221245132,24,20,37,150
0.2795035528073767,0.2505942696317764,0.1034308254232586,24,19,38,150
0.29865551505510324,0.27454075996143845,0.08074438233365792,24,20,39,150
0.3262766139505556,0.29687781081355974,0.09010392372605357,24,19,40,150
0.397224515707419,0.3866246078656248,0.026684928604964835,24,20,41,150
0.40501797870142975,0.3483960898139526,0.139800927032964,24,20,42,150
0.3622619994543802,0.32344897680663076,0.10714075091013564,24,20,43,150
0.3513285041827818,0.3097076536642389,0.11846704728771237,24,21,44,150
0.3082716816672594,0.2614350906797787,0.15193283643236127,24,19,45,150
0.40842866469661454,0.318935921575891,0.21911474599168929,24,21,46,150
0.40686992113934417,0.38191197777918806,0.061341333097976916,24,20,47,150
0.2781370610966222,0.23892946086415023,0.14096503385016926,24,19,48,150
0.33694796326841947,0.31546190357960424,0.06376669999841787,24,19,49,150
0.3258386938957377,0.2510299640891272,0.22958823248459223,24,19,50,150
0.4595323777231123,0.4166493285198744,0.09331888520176641,24,20,51,150
0.3360436589165438,0.3039239098144213,0.09558207170366344,24,19,52,150
0.26824284379438573,0.2523737512047125,0.05915942570992593,24,19,53,150
0.3706647157387249,0.31206272193917545,0.15809973626099597,24,21,54,150
0.31587011513654617,0.2891679038478438,0.08453541506185029,24,19,55,150
0.3388701279598374,0.28067781424217153,0.1717245307752909,24,21,56,150
0.4007738104661971,0.3172227446427439,0.20847436544384731,24,19,57,150
0.3989128873164748,0.3418541866464351,0.14303549091602194,24,21,58,150
0.3337005102551681,0.3088572932177299,0.07444764474121279,24,18,59,150
0.34063029254939553,0.3172133499259551,0.06874591936078224,24,20,60,150
0.36419572116869536,0.3583160257826114,0.01614432856930927,24,20,61,150
0.305437103804327,0.2913887940183721,0.04599411666421085,24,19,62,150
0.4016462603020955,0.3573438583447711,0.11030204021818261,24,20,63,150
0.4325493011396563,0.3400613922417451,0.2138205024357439,24,19,64,150
0.34110844589159367,0.348326664301771,-0.021161066215497133,24,20,65,150
0.4352752264859243,0.3649087091778002,0.1616598258444639,24,20,66,150
0.397392652566668,0.3650597404179733,0.08136263199599653,24,21,67,150
0.3364924744813646,0.32179842850339047,0.04366827519879025,24,20,68,150
0.3326429975204611,0.32888581839158154,0.011294929269173828,24,19,69,150
0.3456988964057897,0.31713097450653976,0.08263816343143958,24,20,70,150
0.3905000749487875,0.3280233772645719,0.15999151265824765,24,19,71,150
0.3471706388374121,0.30590007611163145,0.11887688101731612,24,19,72,150
0.36883008020773106,0.3312846005904722,0.10179614308060944,24,21,73,150
0.40634224047274653,0.3397261311499891,0.16394089190741018,24,21,74,150
0.32182170040868374,0.3143960894256335,0.023073680157740716,24,21,75,150
0.33997765784014217,0.2726382552595348,0.19807008204130414,24,20,76,150
0.3621236337074279,0.3327844867025,0.0810196967940292,24,20,77,150
0.24741285866001955,0.250449101161324,-0.012271967260508047,24,19,78,150
0.2929429786899632,0.23708432347657638,0.19068098325205113,24,20,79,150
0.30347646157800506,0.29095787605836315,0.04125059800206006,24,20,80,150
0.3476201873596381,0.30647534991896924,0.1183614730582421,24,20,81,150
0.38266625131616117,0.36479869510497526,0.046692270744366285,24,20,82,150
0.33038575310865537,0.29232180307015143,0.11521062782021864,24,19,83,150
0.37845975851109176,0.3100699678888685,0.18070558119911428,24,19,84,150
0.40306987558781343,0.3427231095912367,0.14971787685341295,24,19,85,150
0.4094453043778051,0.3580847759896584,0.1254392902763762,24,20,86,150
0.34502375300535604,0.30799443392340614,0.10732397047856315,24,19,87,150
0.35465940149655667,0.2908278881192755,0.17997975834823848,24,20,88,150
0.30002866751228546,0.2693601404288191,0.10221865576298819,24,19,89,150
0.2889686859840578,0.2602492237986426,0.0993860704581658,24,21,90,150
0.3566235160044803,0.2851901003761739,0.20030483807862218,24,20,91,150
0.27691071543422957,0.2422894463237692,0.1250268306019506,24,20,92,150
0.3834485946084953,0.3541561691248986,0.07639205331683253,24,19,93,150
0.3583049690521527,0.3129464806827599,0.1265918485288735,24,19,94,150
0.3243459412606035,0.30008598739803855,0.07479653905418451,24,20,95,150
0.30086665966304127,0.2876162304403996,0.04404086925909852,24,20,96,150
0.32279333948733635,0.32049299132143627,0.007126380518115756,24,19,97,150
0.4424387344174757,0.3843668887460133,0.13125398197316748,24,20,98,150
0.3578512410075844,0.32609675702489893,0.08873654844196131,24,20,99,150
0.3063502773476148,0.23836252732038915,0.22192814909738148,24,20,100,150
0.33316626395185495,0.31507014733995853,0.05431557324336849,24,19,101,150
0.29439656748903104,0.2755945320645504,0.0638663540979674,24,20,102,150
0.3447427618262389,0.294067174465006,0.14699536284035158,24,21,103,150
0.3573349839470616,0.29330910132083654,0.17917608267459853,24,19,104,150
0.2546556130289542,0.2255314863500808,0.11436671798615325,24,20,105,150
0.34682434007797625,0.3414507100894545,0.01549380873128341,24,20,106,150
0.41849671378690173,0.36002571261023486,0.1397167510530089,24,20,107,150
0.35137400043483674,0.28864723226554023,0.1785185246821623,24,19,108,150
0.35043455621349456,0.29388006038848674,0.16138390127985333,24,21,109,150
0.32112768142476517,0.30304752422740666,0.05630208245250381,24,19,110,150
0.3786219900558635,0.3126639517003643,0.17420551391050332,24,20,111,150
0.22974547743173498,0.19613487803360238,0.14629493374083688,24,19,112,150
0.33394310494392226,0.33967028784361475,-0.017150175628432955,24,19,113,150
0.3267071437147648,0.31016284142163075,0.050639548633739734,24,21,114,150
0.33713457657383467,0.27773513659004073,0.17618910699533386,24,20,115,150
0.4232525462242687,0.4075704736624367,0.037051336611505135,24,20,116,150
0.328954339501463,0.3241556304184297,0.014587766467242401,24,21,117,150
0.3346237019125405,0.29119843042149685,0.12977344773501298,24,19,118,150
0.36409700520404414,0.3451552978742166,0.0520237932723791,24,20,119,150
0.34175108648759844,0.3300349909650489,0.034282540672989775,24,21,120,150
0.33507629215737783,0.2681838883331694,0.1996333533283535,24,21,121,150
0.33470471479174824,0.3023772554692946,0.09658501327824923,24,21,122,150
0.32060357026240655,0.3472786866120124,-0.08320280503355867,24,19,123,150
0.3537787308512095,0.3543184697965843,-0.0015256398938291362,24,20,124,150
0.4222638085754361,0.39824649402727147,0.05687751131026428,24,20,125,150
0.3905493569441504,0.32455200216994806,0.16898595171324304,24,20,126,150
0.3310997767402761,0.33152132192480854,-0.0012731666227100474,24,19,127,150
0.3498493400282727,0.33579387829352636,0.04017575603718586,24,19,128,150
0.39420378055771443,0.351770904923199,0.10764198043580894,24,20,129,150
0.30803340115118594,0.27654566697183064,0.10222181770444043,24,20,130,150
0.4132633998475028,0.39131797591433565,0.053102752242916246,24,21,131,150
0.4285549486029006,0.386257578064425,0.09869765983654147,24,20,132,150
0.3750113351825659,0.2910998811215939,0.22375711395529307,24,20,133,150
0.32548559851828235,0.2521133266456394,0.2254240193933547,24,21,134,150
0.31037859695134445,0.27234964184616167,0.12252441205262705,24,20,135,150
0.31081318823254644,0.2808911646441395,0.0962701221224232,24,20,136,150
0.36442500015981477,0.3298005230774577,0.09501125627268396,24,20,137,150
0.30883111828327664,0.2934367085191614,0.04984734002742116,24,20,138,150
0.36611302086514463,0.33073173656528254,0.09664033313061149,24,19,139,150
0.3514716873496643,0.29801299443057283,0.15209957115523692,24,21,140,150
0.36065298452009403,0.34630644059501725,0.03977935727931694,24,19,141,150
0.3463334585643539,0.3143843301237025,0.09224961565391111,24,20,142,150
0.31611631197606826,0.28532292917463864,0.09741155908386294,24,19,143,150
0.374208846620685,0.3338643192501424,0.10781286368528213,24,19,144,150
0.42223759590070076,0.41250147461299336,0.023058395041632155,24,20,145,150
0.3190207795289433,0.3045554986094548,0.045342754603156316,24,19,146,150
0.37179124584223194,0.36918783809284134,0.007002337409782242,24,18,147,150
0.3733946898029237,0.33451558041510754,0.10412335914133215,24,19,148,150
0.32732093897088793,0.2749090642262548,0.1601238066511067,24,20,149,150
0.3363803023975321,0.3046002206923551,0.0944766428909963,24,20,150,150
0.37023477419856715,0.30364893268949195,0.17984761602475346,24,20,151,150
0.3680717669459528,0.3575978529032505,0.0284561734511961,24,20,152,150
0.32973830619048716,0.2675217062491489,0.18868478054653512,24,20,153,150
0.3006454193781781,0.2936095219829526,0.02340264291994805,24,20,154,150
0.29863136510555743,0.28609281099372136,0.04198672871285327,24,19,155,150
0.3069821819242562,0.292896648964187,0.04588387792339238,24,20,156,150
0.35495079391635603,0.32436069932736283,0.08618122599889645,24,20,157,150
0.2627491809347039,0.26394950597454964,-0.004568330282041998,24,19,158,150
0.3745796650041206,0.3593422883106759,0.040678600887950216,24,20,159,150
0.3955755818428188,0.38331363007393554,0.03099774690783504,24,20,160,150
0.340269633153109,0.36484450916844374,-0.07222177244443366,24,20,161,150
0.44252205089840463,0.38485631748852406,0.13031154784898985,24,20,162,150
0.3633747186821224,0.3312645153905833,0.08836664093747493,24,20,163,150
0.29551288164116274,0.2601455294374945,0.11968125385009208,24,20,164,150
0.37083654533306215,0.3124226927420705,0.15751913700557202,24,20,165,150
0.3856005883583455,0.32571361301302876,0.1553083090466208,24,20,166,150
0.3631517446384599,0.30090515217837505,0.1714065631766555,24,19,167,150
0.35117314151281387,0.3435920666126001,0.021587855117721565,24,19,168,150
0.3526653541978616,0.2583549453091735,0.26742181438037027,24,20,169,150
0.2846966460989751,0.24592465152258564,0.13618704367493792,24,19,170,150
0.4063007303919136,0.3520762599067224,0.13345895399421706,24,20,171,150
0.37351586042471974,0.3923279345778606,-0.050364860361618635,24,19,172,150
0.4021342500519715,0.3886083075646859,0.03363539038402606,24,19,173,150
0.3304964285037335,0.31868516701519467,0.0357379398682531,24,19,174,150
0.27855521856042587,0.26695077464046113,0.04165940232581724,24,19,175,150
0.28969897171539377,0.29890645877344374,-0.031782946979513595,24,19,176,150
0.3541907082413189,0.29126293269726494,0.17766636470084834,24,21,177,150
0.32158800247555125,0.3113239052164054,0.03191691599230656,24,20,178,150
0.30745513908980754,0.30554498589182794,0.0062127866967338205,24,19,179,150
0.2858307538964155,0.2392101231061386,0.16310571957268155,24,19,180,150
0.3874925942965576,0.36604582003297287,0.05534757200332704,24,19,181,150
0.3135103335218721,0.2856045380386542,0.08901076774641949,24,19,182,150
0.297496186981772,0.2400212849443315,0.19319542418525873,24,19,183,150
0.4586670438099159,0.3839789976939823,0.16283717595129063,24,21,184,150
0.5128853067194344,0.4871787579646722,0.05012143732326611,24,20,185,150
0.40669329724952213,0.3636588905765316,0.10581538216644677,24,20,186,150
0.32172033910868636,0.29744641834031615,0.07545037667068286,24,19,187,150
0.34594895836470957,0.34870149903546205,-0.007956493593053891,24,19,188,150
0.35479194484058363,0.342877078708011,0.033582685023827906,24,19,189,150
0.3992088120707623,0.3362234707098516,0.15777542843855402,24,21,190,150
0.3749774195688637,0.3389676565891074,0.09603181711890581,24,20,191,150
0.41082473621345345,0.38741810644642494,0.056974733271336064,24,21,192,150
0.38957356662206616,0.35165456418041297,0.09733463892440948,24,19,193,150
0.44987264193879667,0.4166462281951943,0.07385737794680716,24,19,194,150
0.36935847186776416,0.31222330809281085,0.15468756811244486,24,20,195,150
0.3129600443517293,0.27019203050598184,0.13665646659252573,24,20,196,150
0.36857397321820295,0.33695787753872913,0.08577951232806251,24,20,197,150
0.3271600964056173,0.28583606991181476,0.12631132875865295,24,20,198,150
0.43658709807021007,0.421044372405987,0.03560051529906532,24,19,199,150
0.3845261911273771,0.3353355630596304,0.12792529924561616,24,20,200,150
0.3366897430908514,0.2940291372770613,0.1267059858199443,24,20,201,150
0.4617691420969391,0.37653366731470944,0.18458460518857317,24,20,202,150
0.42559020099219297,0.35750215668050733,0.1599849906152671,24,20,203,150
0.4041013086044496,0.3923018523338992,0.029199252809399282,24,20,204,150
0.27140282636223173,0.2603645254940399,0.04067128193226486,24,20,205,150
0.3098581456808433,0.2588004542455366,0.1647776317873424,24,20,206,150
0.3996066698805678,0.32177229369224714,0.1947774700847295,24,20,207,150
0.42082541584447486,0.37646180341523056,0.10542046834367018,24,19,208,150
0.4297901995540787,0.4202714193347742,0.022147504129178763,24,19,209,150
0.3630451067626523,0.36988853937218047,-0.01885008909926505,24,21,210,150
0.4452407287325122,0.38729882342437416,0.13013612989333656,24,20,211,150
0.28277350956520353,0.23863785324987088,0.15608129765477763,24,19,212,150
0.4476029356061857,0.3948439662761267,0.11787002526828348,24,19,213,150
0.3783951834489646,0.31498528737688664,0.1675758541483398,24,19,214,150
0.4112596313282629,0.32533784712906083,0.20892345772352314,24,20,215,150
0.4093362579383419,0.33846399272196875,0.17313947602229898,24,18,216,150
0.3730881014984808,0.3382914821447866,0.09326649446588128,24,20,217,150
0.4265749597901355,0.4334055635103617,-0.01601266920024254,24,19,218,150
0.3264351291995841,0.31023780124094524,0.04961882625302789,24,19,219,150
0.3837187235578334,0.31394338799237786,0.18183979900302963,24,19,220,150
0.28344891771892894,0.25028660264762015,0.11699573714440112,24,20,221,150
0.31694369730510846,0.3065783812438803,0.03270396650686475,24,21,222,150
0.4239096574440108,0.39369110802723295,0.07128535263617834,24,20,223,150
0.3321241198340125,0.28304097543673906,0.14778554602358904,24,20,224,150
0.3799434130503306,0.30269669763029206,0.20331110572459316,24,19,225,150
0.37037740999157154,0.30699827117915474,0.17112042231155264,24,20,226,150
0.3695673689998955,0.29370654073112873,0.20526928141425882,24,21,227,150
0.2931696648067739,0.32419186213190915,-0.10581653236729571,24,19,228,150
0.35530837502051354,0.35748683362738715,-0.006131177197125818,24,20,229,150
0.3097805291102826,0.2560066787084106,0.17358692799807432,24,19,230,150
0.3754784779497712,0.355121100845563,0.054217161035076615,24,20,231,150
0.2878134591917338,0.2535502571076229,0.1190465594636616,24,20,232,150
0.37451529814146095,0.33743597181201934,0.09900617281443094,24,19,233,150
0.31414157491711225,0.32892078150628057,-0.04704632487141468,24,20,234,150
0.3360775542471123,0.34297843831617875,-0.020533605954512407,24,20,235,150
0.3799112233090724,0.3430335328782714,0.09706923135776803,24,19,236,150
0.3064161304016446,0.273701086250722,0.10676671658257794,24,18,237,150
0.26434700590946886,0.23408317019139208,0.11448526006169808,24,20,238,150
0.34892701309392415,0.3471072086801627,0.005215430005333508,24,20,239,150
0.3900400360916496,0.3340729119975336,0.14349071611962716,24,20,240,150
0.3565697247783396,0.33656980394283437,0.05608978958586041,24,20,241,150
0.339559486548303,0.34531599464366597,-0.016952870773481142,24,19,242,150
0.39508325240910164,0.3574888664366554,0.09515560516222016,24,20,243,150
0.3809001818955698,0.3769319136080031,0.010418131773574887,24,19,244,150
0.2890153946130071,0.24404637286112976,0.15559386312999374,24,18,245,150
0.2591788456737846,0.2165581663399707,0.16444505423663475,24,19,246,150
0.36487020229560485,0.35309249983055757,0.03227915678218471,24,20,247,150
0.3382014627812356,0.28130254918832137,0.168239702823873,24,20,248,150
0.363485767151613,0.2940115193401055,0.19113333750569997,24,20,249,150
0.33100768225554256,0.29624634433512287,0.10501671043871257,24,20,250,150
0.3208142499252493,0.28479629854047855,0.11227042250511957,24,20,251,150
0.34640420702387803,0.29511927003582394,0.14804940571786693,24,20,252,150
0.28003754611342024,0.30410384113177474,-0.08593952972508628,24,19,253,150
0.3508819902905919,0.3376964005558687,0.03757841695951177,24,20,254,150
0.3644737140924928,0.3320945414277397,0.08883815598437425,24,18,255,150
0.3047594835834931,0.28417358986267227,0.0675480004059694,24,19,256,150
0.3904273465841095,0.3161033243523385,0.19036582063741123,24,20,257,150
0.3760602748314352,0.3045124959064875,0.19025614698871934,24,19,258,150
0.42962802338128087,0.3494523884385485,0.18661639972115862,24,21,259,150
0.3614872205333994,0.34047075654675624,0.05813888511918041,24,19,260,150
0.32255145988807754,0.2631441127063909,0.18417943977776594,24,19,261,150
0.32975388248058424,0.28543364753980155,0.1344039821681015,24,20,262,150
0.35353870926807596,0.28264949841832204,0.2005132931455071,24,20,263,150
0.3836179969353329,0.3749826969366239,0.022510153506079267,24,21,264,150
0.3288310633339707,0.26932344440110495,0.18096714565079894,24,20,265,150
0.37384737050897165,0.33449338638876414,0.10526751617011332,24,20,266,150
0.3658827158355589,0.3027403987317432,0.17257529358723303,24,20,267,150
0.3532444194777473,0.30519308081918933,0.13602858533363182,24,20,268,150
0.36995806634218437,0.32000328114615845,0.135028236280761,24,19,269,150
0.449856225372061,0.42683019563492697,0.05118530863519776,24,21,270,150
0.3250841338290187,0.2808288364132504,0.13613490420004565,24,20,271,150
0.39508611078200223,0.34781961653575166,0.11963592988043797,24,20,272,150
0.3107816553954605,0.2700523707893767,0.13105433959497048,24,20,273,150
0.35986095646402416,0.31986049996713367,0.11115531090100184,24,20,274,150
0.31555151873986903,0.2724311351368009,0.13665085110433348,24,19,275,150
0.3821730870386275,0.3297412126357951,0.13719405206974442,24,19,276,150
0.31957708836495485,0.24214893683397673,0.2422831747016723,24,19,277,150
0.26543275746140155,0.22708765448286847,0.14446258760699163,24,20,278,150
0.33791349318725833,0.3074959044099578,0.09001590463404291,24,20,279,150
0.42510432292725686,0.36787847490540326,0.13461601055429867,24,19,280,150
0.3012659832658004,0.2810979105312647,0.06694440744988404,24,19,281,150
0.3176101643003992,0.2872037329747257,0.09573507004301904,24,21,282,150
0.42002780973361004,0.36917821970914333,0.12106243645323514,24,20,283,150
0.2638612030661891,0.23460901771035292,0.11086201766653175,24,20,284,150
0.3328326846700624,0.28334912640465865,0.14867397507686744,24,19,285,150
0.37280240105658735,0.3191126604322977,0.14401661703927746,24,19,286,150
0.3364471057774216,0.3069488945482712,0.08767562782562653,24,19,287,150
0.38465984875128173,0.34880969476084084,0.0931996258689878,24,20,288,150
0.3135547071704058,0.303234004059742,0.03291515921990246,24,20,289,150
0.3726116226989547,0.34438979154407173,0.07574060881531955,24,19,290,150
0.4127797271090685,0.40445154861157295,0.02017584186079714,24,19,291,150
0.30281034206551,0.25709669653715245,0.15096461110455686,24,20,292,150
0.3173339069527859,0.30773052541027307,0.030262702258103357,24,20,293,150
0.3996062621368457,0.38534590047724643,0.035686031503469745,24,20,294,150
0.28111466101401333,0.262788638472921,0.0651905612997495,24,20,295,150
0.40244267355022645,0.38035107854039374,0.05489376863280278,24,19,296,150
0.3232542575369817,0.30334825454777026,0.061580017973728106,24,20,297,150
0.3071947353724245,0.2701835759867643,0.120481099198494,24,20,298,150
0.35888052702736106,0.30515992397751934,0.14968937850937244,24,20,299,150
