series_id,scenario_group,target_tau_days,replicate,tau_acf_days,n_beta_rows,mean_beta_all,median_beta_all,n_beta_de_window,mean_beta_de_window,median_beta_de_window,de_window_min,de_window_max
single_timescale_ar1_2_00,single_timescale_ar1,2.0,0,1.9520438736954429,125,1.1329881288071437,1.2248461387801066,63,1.2019523386247175,1.2162840240371542,0.5,2.0
single_timescale_ar1_2_01,single_timescale_ar1,2.0,1,2.264674327010727,125,1.1088582274856411,1.1801225271533256,72,1.1764570404651185,1.1776374178565339,0.5,2.0
single_timescale_ar1_2_02,single_timescale_ar1,2.0,2,2.0198416291599384,125,1.1467971963975891,1.2102615651439608,65,1.1942359438203982,1.1993182927940038,0.5,2.0
single_timescale_ar1_2_03,single_timescale_ar1,2.0,3,1.995498428308988,125,1.13835901451792,1.2245194652135754,64,1.23920454635274,1.249793047143541,0.5,2.0
single_timescale_ar1_2_04,single_timescale_ar1,2.0,4,2.353818039262609,125,1.1157625800721709,1.184815611404141,74,1.1819702472390483,1.184815611404141,0.5,2.0
single_timescale_ar1_2_05,single_timescale_ar1,2.0,5,2.244909932378236,125,1.1488103471012001,1.2345057596128668,71,1.2151839811759073,1.2345057596128668,0.5,2.0
single_timescale_ar1_2_06,single_timescale_ar1,2.0,6,2.2109611164601857,125,1.1496864054080578,1.2130965538798495,71,1.2147207515566114,1.210831377506922,0.5,2.0
single_timescale_ar1_2_07,single_timescale_ar1,2.0,7,2.014646567766446,125,1.1551346394739765,1.2432630945265295,65,1.247406833290666,1.2455781723159725,0.5,2.0
single_timescale_ar1_2_08,single_timescale_ar1,2.0,8,2.130286733014853,125,1.1538731797826565,1.258226583949087,68,1.2377943588220046,1.262496996617827,0.5,2.0
single_timescale_ar1_2_09,single_timescale_ar1,2.0,9,2.263307501890297,125,1.1760975180013942,1.2612300392665945,72,1.2683861860744037,1.2658230713937273,0.5,2.0
single_timescale_ar1_2_10,single_timescale_ar1,2.0,10,2.061182218067952,125,1.138488559361254,1.2288945017233774,66,1.231771744690589,1.2302612637380959,0.5,2.0
single_timescale_ar1_2_11,single_timescale_ar1,2.0,11,2.2138151457845283,125,1.1428085872451876,1.2190028874415149,71,1.2168245904582948,1.2165033909235266,0.5,2.0
single_timescale_ar1_2_12,single_timescale_ar1,2.0,12,2.0937145603287126,125,1.1318260136983862,1.2005668152799198,67,1.182712012021498,1.19154686164466,0.5,2.0
single_timescale_ar1_2_13,single_timescale_ar1,2.0,13,2.1667976021552025,125,1.1655964148555045,1.2294642149559318,69,1.2510945445000403,1.2590188550797579,0.5,2.0
single_timescale_ar1_4_00,single_timescale_ar1,4.0,0,4.62780948391311,125,1.3944640831019557,1.434980594986175,83,1.4586758222799048,1.4580990468002082,0.5,2.0
single_timescale_ar1_4_01,single_timescale_ar1,4.0,1,4.283153726082826,125,1.4122782524487327,1.4549645215026072,90,1.4652896309850607,1.468710586176131,0.5,2.0
single_timescale_ar1_4_02,single_timescale_ar1,4.0,2,4.4041098723981085,125,1.39425622020536,1.4330057503179623,87,1.4548645142182932,1.4776099465256196,0.5,2.0
single_timescale_ar1_4_03,single_timescale_ar1,4.0,3,4.487835201427491,125,1.3629394709672034,1.380323625202537,86,1.4057716681659578,1.4150266724259006,0.5,2.0
single_timescale_ar1_4_04,single_timescale_ar1,4.0,4,3.769717183552646,125,1.3744828913477265,1.3826675763969514,95,1.3842836216270724,1.3698896426632405,0.5,2.0
single_timescale_ar1_4_05,single_timescale_ar1,4.0,5,4.243599414504557,125,1.3561694860524631,1.38114887180165,90,1.3838851649398267,1.3899205977855404,0.5,2.0
single_timescale_ar1_4_06,single_timescale_ar1,4.0,6,3.328193685583241,125,1.3622792898125737,1.3796158234766818,90,1.3513585231061798,1.3263042732363386,0.5,2.0
single_timescale_ar1_4_07,single_timescale_ar1,4.0,7,3.840599046790598,125,1.3543679690527997,1.376854772967223,95,1.3492630197255706,1.3523935822995015,0.5,2.0
single_timescale_ar1_4_08,single_timescale_ar1,4.0,8,3.431918119706833,125,1.4052697127214016,1.434089560996168,91,1.4172693613546752,1.424339464186207,0.5,2.0
single_timescale_ar1_4_09,single_timescale_ar1,4.0,9,3.6550122357645725,125,1.3507362942807604,1.368425612762681,93,1.3400975623116937,1.3377736395021211,0.5,2.0
single_timescale_ar1_4_10,single_timescale_ar1,4.0,10,3.8786052313676245,125,1.3948444018617658,1.4149214729863109,95,1.4124118887468007,1.4149214729863109,0.5,2.0
single_timescale_ar1_4_11,single_timescale_ar1,4.0,11,4.105774213164947,125,1.345327944368682,1.345205974828338,93,1.3556833998972884,1.3271577497218698,0.5,2.0
single_timescale_ar1_4_12,single_timescale_ar1,4.0,12,4.245230631554443,125,1.403533298549123,1.4359928141225644,90,1.4360275638449789,1.4403356237398726,0.5,2.0
single_timescale_ar1_4_13,single_timescale_ar1,4.0,13,4.607358562106999,125,1.3594991849966045,1.3623994145603744,84,1.4009595480966002,1.3875848470641965,0.5,2.0
single_timescale_ar1_8_00,single_timescale_ar1,8.0,0,8.689637447940834,125,1.4903171615999617,1.4508470379784673,44,1.6758003417684249,1.6851622422881891,0.5,2.0
single_timescale_ar1_8_01,single_timescale_ar1,8.0,1,7.049890716719015,125,1.5089846780994634,1.4924093578893556,54,1.6382284312835536,1.5942887467495075,0.5,2.0
single_timescale_ar1_8_02,single_timescale_ar1,8.0,2,7.431881416704236,125,1.4627710930789601,1.431968613588792,51,1.5677343438158626,1.5260268888418793,0.5,2.0
single_timescale_ar1_8_03,single_timescale_ar1,8.0,3,10.233506199533293,125,1.463957411512902,1.4242962759063236,38,1.6583486356995143,1.687689677528931,0.5,2.0
single_timescale_ar1_8_04,single_timescale_ar1,8.0,4,7.543518620446969,125,1.49868953834992,1.4828212039199073,51,1.662526715306916,1.622978847476152,0.5,2.0
single_timescale_ar1_8_05,single_timescale_ar1,8.0,5,8.633177888806609,125,1.5029753821071843,1.4734159873525163,45,1.6624954168467734,1.6698784824670898,0.5,2.0
single_timescale_ar1_8_06,single_timescale_ar1,8.0,6,6.615291022440867,125,1.47832451733893,1.4413744723926167,58,1.5923961448814665,1.5325919891899884,0.5,2.0
single_timescale_ar1_8_07,single_timescale_ar1,8.0,7,7.860172937036811,125,1.4595443090828024,1.4108041142796484,49,1.599903678821692,1.5623712123098483,0.5,2.0
single_timescale_ar1_8_08,single_timescale_ar1,8.0,8,9.39490904242155,125,1.5140686704774955,1.4817262595012874,41,1.7037274082275207,1.7335952461401465,0.5,2.0
single_timescale_ar1_8_09,single_timescale_ar1,8.0,9,7.292148303090718,125,1.492631505988078,1.4814533472690783,53,1.620914080426821,1.5677673054829353,0.5,2.0
single_timescale_ar1_8_10,single_timescale_ar1,8.0,10,7.289414442168695,125,1.5466900339716056,1.5209306721432407,53,1.6408932121754365,1.5994879190965956,0.5,2.0
single_timescale_ar1_8_11,single_timescale_ar1,8.0,11,7.377750955723568,125,1.4943888864621206,1.4721148308322265,52,1.6170390714030718,1.5592057078709318,0.5,2.0
single_timescale_ar1_8_12,single_timescale_ar1,8.0,12,8.405135373303446,125,1.467740402966045,1.456133817868075,45,1.6561478112656778,1.6877623713513383,0.5,2.0
single_timescale_ar1_8_13,single_timescale_ar1,8.0,13,9.976967869478992,125,1.497058359315172,1.4548795606859155,39,1.6721270019495102,1.7223960645011702,0.5,2.0
single_timescale_ar1_16_00,single_timescale_ar1,16.0,0,15.390236328812216,125,1.5466757465723238,1.4800320650303385,25,1.9336327519805534,1.950921705189713,0.5,2.0
single_timescale_ar1_16_01,single_timescale_ar1,16.0,1,16.80717163505059,125,1.5301208020977521,1.481626237246125,23,1.8593013292201266,1.8702552543324267,0.5,2.0
single_timescale_ar1_16_02,single_timescale_ar1,16.0,2,23.640867439454237,125,1.5407846607584261,1.5012052923718457,16,1.930632914128903,1.9359985597034686,0.5,2.0
single_timescale_ar1_16_03,single_timescale_ar1,16.0,3,12.397936214721327,125,1.5628050112224632,1.4968414126844376,31,1.8456030669714687,1.8724609304878048,0.5,2.0
single_timescale_ar1_16_04,single_timescale_ar1,16.0,4,15.133042864589966,125,1.554825627546473,1.4842841189133724,25,1.9012583804841952,1.9041106636923493,0.5,2.0
single_timescale_ar1_16_05,single_timescale_ar1,16.0,5,16.009687448099378,125,1.5143022700931665,1.4730642258610478,24,1.8903316888203754,1.8967289157912295,0.5,2.0
single_timescale_ar1_16_06,single_timescale_ar1,16.0,6,14.493272434640001,125,1.5171904000441847,1.4551663096992677,27,1.886082112041903,1.8997484153074886,0.5,2.0
single_timescale_ar1_16_07,single_timescale_ar1,16.0,7,15.412439975546876,125,1.510127676216666,1.4400313997223044,25,1.9028519124782506,1.9108358164830976,0.5,2.0
single_timescale_ar1_16_08,single_timescale_ar1,16.0,8,14.141916151410507,125,1.5113702560200992,1.4592233694109666,27,1.8500917212498724,1.8764566363345867,0.5,2.0
single_timescale_ar1_16_09,single_timescale_ar1,16.0,9,16.093124903569503,125,1.530583585576665,1.5142180119247908,24,1.8621214868075227,1.870681964228821,0.5,2.0
single_timescale_ar1_16_10,single_timescale_ar1,16.0,10,13.104076340289181,125,1.4634234424046273,1.4041633173776091,30,1.824876288777004,1.8527506427504132,0.5,2.0
single_timescale_ar1_16_11,single_timescale_ar1,16.0,11,17.046475730758374,125,1.5437495491451854,1.4911655204430883,23,1.8743492873201146,1.8807672820567969,0.5,2.0
single_timescale_ar1_16_12,single_timescale_ar1,16.0,12,23.794871238518766,125,1.4714859507336344,1.4086500026323812,16,1.8872503724884973,1.9157030391261693,0.5,2.0
single_timescale_ar1_16_13,single_timescale_ar1,16.0,13,14.406612645381317,125,1.5365685656537107,1.488114960736126,27,1.8383113138169533,1.8587559086307188,0.5,2.0
single_timescale_ar1_32_00,single_timescale_ar1,32.0,0,39.45196218038371,125,1.589808570919414,1.514676553583964,9,1.9662979724269027,1.970129156937283,0.5,2.0
single_timescale_ar1_32_01,single_timescale_ar1,32.0,1,36.888401790718426,125,1.5652076758886342,1.481350121660362,10,1.951802505230651,1.9564446993369295,0.5,2.0
single_timescale_ar1_32_02,single_timescale_ar1,32.0,2,38.06251475807004,125,1.569792613898741,1.5238743695283556,10,1.9397029597040167,1.9373737180376671,0.5,2.0
single_timescale_ar1_32_03,single_timescale_ar1,32.0,3,30.799632764623972,125,1.560568878749186,1.4796091982550426,12,1.9395578399818982,1.9591279545808584,0.5,2.0
single_timescale_ar1_32_04,single_timescale_ar1,32.0,4,62.511545990195636,125,1.5208863815641667,1.4836452726341722,5,1.7921116992946842,1.7996887866906466,0.5,2.0
single_timescale_ar1_32_05,single_timescale_ar1,32.0,5,22.361002525457327,125,1.5981887897625933,1.5972662135854356,17,1.9193351540534214,1.9327568851804444,0.5,2.0
single_timescale_ar1_32_06,single_timescale_ar1,32.0,6,25.33176022675693,125,1.607127757618067,1.5645462981523366,15,1.9195342469812806,1.9209804029289683,0.5,2.0
single_timescale_ar1_32_07,single_timescale_ar1,32.0,7,28.425597358198573,125,1.5554669986924685,1.5214171439039714,14,1.9369326898214496,1.931342120160086,0.5,2.0
single_timescale_ar1_32_08,single_timescale_ar1,32.0,8,26.475416570661803,125,1.5936880543418384,1.533579544943779,15,1.9840545015712816,1.9835224502504951,0.5,2.0
single_timescale_ar1_32_09,single_timescale_ar1,32.0,9,31.05398357935438,125,1.5388813606063578,1.5023413903806342,12,1.8944074516428875,1.8864535651597047,0.5,2.0
single_timescale_ar1_32_10,single_timescale_ar1,32.0,10,32.4441162836282,125,1.538889611253364,1.4669223762649242,12,1.8746695355584437,1.8882518195526465,0.5,2.0
single_timescale_ar1_32_11,single_timescale_ar1,32.0,11,33.481274195270146,125,1.5849712762052262,1.5395873061024932,12,1.9103488381350449,1.9204807824780734,0.5,2.0
single_timescale_ar1_32_12,single_timescale_ar1,32.0,12,29.0778574432048,125,1.5682213335236326,1.4992763467683192,13,1.9979330010156184,1.9644603112115584,0.5,2.0
single_timescale_ar1_32_13,single_timescale_ar1,32.0,13,29.971816136352277,125,1.5359648028981487,1.481034527251861,13,1.9263962669575234,1.9467886957166889,0.5,2.0
single_timescale_ar1_64_00,single_timescale_ar1,64.0,0,58.91877152284989,125,1.5657317517309863,1.5294725315579132,5,2.063031557910398,2.027825853596551,0.5,2.0
single_timescale_ar1_64_01,single_timescale_ar1,64.0,1,70.32536018711778,125,1.5664442259764424,1.5077776937665672,4,2.1820849956703996,2.2046608904314535,0.5,2.0
single_timescale_ar1_64_02,single_timescale_ar1,64.0,2,61.79893236617983,125,1.5756636605347378,1.5458137679508073,5,1.94881974705436,1.9243823010517749,0.5,2.0
single_timescale_ar1_64_03,single_timescale_ar1,64.0,3,55.64991769647298,125,1.565568676164765,1.5004558214469408,6,1.952998121900615,1.9508570593115988,0.5,2.0
single_timescale_ar1_64_04,single_timescale_ar1,64.0,4,46.346849771421525,125,1.5686937348023882,1.5259444397495932,8,2.0671534916421677,2.0731921849218433,0.5,2.0
single_timescale_ar1_64_05,single_timescale_ar1,64.0,5,53.859270974149545,125,1.5539242852932416,1.5361736614715984,6,1.9465921796414285,1.9173176469324118,0.5,2.0
single_timescale_ar1_64_06,single_timescale_ar1,64.0,6,58.168557221196494,125,1.594475378569795,1.5157188462689806,5,2.0613363009727275,2.0515627615175274,0.5,2.0
single_timescale_ar1_64_07,single_timescale_ar1,64.0,7,62.43407436567991,125,1.5557705696366637,1.4499706574524354,5,2.0654611838249095,2.050452346239616,0.5,2.0
single_timescale_ar1_64_08,single_timescale_ar1,64.0,8,71.29837599080388,125,1.5777047197501262,1.4784599625336718,4,2.021359775247719,2.0487282014403982,0.5,2.0
single_timescale_ar1_64_09,single_timescale_ar1,64.0,9,95.0662044473581,125,1.5609629227910466,1.4984956150837982,2,2.063226403268922,2.063226403268922,0.5,2.0
single_timescale_ar1_64_10,single_timescale_ar1,64.0,10,60.69275046112197,125,1.5633248210366737,1.4987554573771908,5,1.9393990811480417,1.943800500621345,0.5,2.0
single_timescale_ar1_64_11,single_timescale_ar1,64.0,11,85.61645311451815,125,1.5712183257306707,1.4955982243937886,2,1.9955339517690474,1.9955339517690474,0.5,2.0
single_timescale_ar1_64_12,single_timescale_ar1,64.0,12,55.372724160522594,125,1.5306287510586885,1.4637820160062316,6,2.055061207340888,2.0709183480151063,0.5,2.0
single_timescale_ar1_64_13,single_timescale_ar1,64.0,13,58.63519362715608,125,1.5607442062128898,1.4938525009784727,5,2.0779453580347145,2.0854109633086537,0.5,2.0
single_timescale_ar1_128_00,single_timescale_ar1,128.0,0,142.5597132927286,125,1.5660101059845308,1.5213262492289106,0,,,0.5,2.0
single_timescale_ar1_128_01,single_timescale_ar1,128.0,1,88.91335324449597,125,1.5616775775287484,1.469819593587673,2,2.0351922788829357,2.0351922788829357,0.5,2.0
single_timescale_ar1_128_02,single_timescale_ar1,128.0,2,107.40270170165142,125,1.6397588402866976,1.615651647973763,1,2.4323695298048587,2.4323695298048587,0.5,2.0
single_timescale_ar1_128_03,single_timescale_ar1,128.0,3,106.79232435864164,125,1.5798889398018576,1.5236757060644155,1,2.1124413610631043,2.1124413610631043,0.5,2.0
single_timescale_ar1_128_04,single_timescale_ar1,128.0,4,127.9748153696325,125,1.5535552664070478,1.445476341926755,1,2.3427074338548466,2.3427074338548466,0.5,2.0
single_timescale_ar1_128_05,single_timescale_ar1,128.0,5,103.78479269694272,125,1.5854824303180532,1.5115426343295393,1,2.1444022818149016,2.1444022818149016,0.5,2.0
single_timescale_ar1_128_06,single_timescale_ar1,128.0,6,87.55035062468146,125,1.5588104395099656,1.491162433011462,2,2.2732285474393352,2.2732285474393352,0.5,2.0
single_timescale_ar1_128_07,single_timescale_ar1,128.0,7,120.94623097659864,125,1.5368712114251595,1.4063803019919576,1,2.077948067185416,2.077948067185416,0.5,2.0
single_timescale_ar1_128_08,single_timescale_ar1,128.0,8,82.21856813174809,125,1.550165091773725,1.4392593017939208,3,2.1640821641213175,2.1673276886036885,0.5,2.0
single_timescale_ar1_128_09,single_timescale_ar1,128.0,9,136.01639512198486,125,1.5474981374856984,1.4389563265947503,0,,,0.5,2.0
single_timescale_ar1_128_10,single_timescale_ar1,128.0,10,79.83892335176627,125,1.5700425606297674,1.5011420461795995,3,2.0885606191683466,2.0711526503010638,0.5,2.0
single_timescale_ar1_128_11,single_timescale_ar1,128.0,11,87.58799383086526,125,1.5458821412021726,1.4546867020769592,2,2.2497924333401373,2.2497924333401373,0.5,2.0
single_timescale_ar1_128_12,single_timescale_ar1,128.0,12,170.3251892614123,125,1.5223621648422918,1.4880603324414157,0,,,0.5,2.0
single_timescale_ar1_128_13,single_timescale_ar1,128.0,13,162.0383913234576,125,1.577310925931746,1.5145411785393,0,,,0.5,2.0
two_timescale_ar_mix_2_00,two_timescale_ar_mix,2.0,0,2.3185445216311336,125,0.8662023625894023,0.968205200460653,73,1.0008501700976749,0.9987691089891357,0.5,2.0
two_timescale_ar_mix_2_01,two_timescale_ar_mix,2.0,1,1.8590146541380952,125,0.8064348745977745,0.8692936348006995,60,0.907417272778187,0.9068958177368126,0.5,2.0
two_timescale_ar_mix_2_02,two_timescale_ar_mix,2.0,2,1.9461608751628594,125,0.8048542177776175,0.8882356298897294,63,0.921194754513904,0.9188186683612296,0.5,2.0
two_timescale_ar_mix_2_03,two_timescale_ar_mix,2.0,3,2.2187203898806738,125,0.7695703153994691,0.8480238718837894,71,0.8687698686199472,0.8705600175538067,0.5,2.0
two_timescale_ar_mix_2_04,two_timescale_ar_mix,2.0,4,1.7819256038899247,125,0.7768275915346755,0.8365318927634621,57,0.8385948105768385,0.8365318927634621,0.5,2.0
two_timescale_ar_mix_2_05,two_timescale_ar_mix,2.0,5,1.9769561066154913,125,0.7724634036399289,0.8626585079706065,64,0.888280260705439,0.8914728272371657,0.5,2.0
two_timescale_ar_mix_2_06,two_timescale_ar_mix,2.0,6,2.0062119519302986,125,0.7971783413889356,0.8786609868347055,65,0.9097614877767362,0.9121359036554718,0.5,2.0
two_timescale_ar_mix_2_07,two_timescale_ar_mix,2.0,7,2.0962668755641842,125,0.7742039611792452,0.8363173882899766,67,0.8569873385228088,0.8501947739815334,0.5,2.0
two_timescale_ar_mix_2_08,two_timescale_ar_mix,2.0,8,2.007725331174597,125,0.8320212383982363,0.9075279945738304,65,0.9592565629601291,0.9678710946811652,0.5,2.0
two_timescale_ar_mix_2_09,two_timescale_ar_mix,2.0,9,1.8401437567307,125,0.8049687835829368,0.8730764416687233,59,0.8960592909915612,0.8920966085746992,0.5,2.0
two_timescale_ar_mix_2_10,two_timescale_ar_mix,2.0,10,2.123949872430705,125,0.8004695859829677,0.8849136443314041,68,0.9007170438559173,0.9019916468622601,0.5,2.0
two_timescale_ar_mix_2_11,two_timescale_ar_mix,2.0,11,2.2671610056408795,125,0.8614952406144962,0.9263541067484224,72,1.0180457123029822,1.0383899550290832,0.5,2.0
two_timescale_ar_mix_2_12,two_timescale_ar_mix,2.0,12,2.34297189152204,125,0.7924579706635726,0.8511714803667081,74,0.8963698010311755,0.8903493230941054,0.5,2.0
two_timescale_ar_mix_2_13,two_timescale_ar_mix,2.0,13,2.8152677536053123,125,0.8116608864257527,0.9079408688783094,83,0.9198144939803623,0.9221394725259463,0.5,2.0
two_timescale_ar_mix_4_00,two_timescale_ar_mix,4.0,0,3.3899673273747264,125,0.7619039981306566,0.8349210802608662,91,0.839878327806625,0.8389879836153248,0.5,2.0
two_timescale_ar_mix_4_01,two_timescale_ar_mix,4.0,1,4.282321846466163,125,0.8723651143472848,0.9928983443482614,90,0.9687706404687629,1.0009109722924048,0.5,2.0
two_timescale_ar_mix_4_02,two_timescale_ar_mix,4.0,2,2.967593675749163,125,0.7556309033044303,0.8181358318004094,85,0.8291115660436943,0.8327551989499994,0.5,2.0
two_timescale_ar_mix_4_03,two_timescale_ar_mix,4.0,3,2.9676211891879047,125,0.8386050603730997,0.9187292596015145,85,0.9320841693167655,0.9301589178200516,0.5,2.0
two_timescale_ar_mix_4_04,two_timescale_ar_mix,4.0,4,3.5171142612179427,125,0.8099841215844381,0.8667004059240772,92,0.8918312994905193,0.9147152104692808,0.5,2.0
two_timescale_ar_mix_4_05,two_timescale_ar_mix,4.0,5,3.7541856009095924,125,0.8026059513386785,0.9013205275105427,94,0.9082762657430264,0.9173809470536329,0.5,2.0
two_timescale_ar_mix_4_06,two_timescale_ar_mix,4.0,6,4.19672306798439,125,0.8079896309369228,0.8915606878387355,91,0.8953915765392515,0.9093175672096706,0.5,2.0
two_timescale_ar_mix_4_07,two_timescale_ar_mix,4.0,7,4.467834777357041,125,0.7837963657358114,0.8679398743439088,86,0.8475321811239759,0.8739870843875022,0.5,2.0
two_timescale_ar_mix_4_08,two_timescale_ar_mix,4.0,8,4.151603104414854,125,0.764936212024847,0.8365559855125885,93,0.8413697790221257,0.8450545874813705,0.5,2.0
two_timescale_ar_mix_4_09,two_timescale_ar_mix,4.0,9,3.9718983400608487,125,0.793018524769132,0.8557398065105633,96,0.8700606743513979,0.898973896263321,0.5,2.0
two_timescale_ar_mix_4_10,two_timescale_ar_mix,4.0,10,2.8105883962789484,125,0.7898300332767195,0.8546731244928139,83,0.8726326360157515,0.8715191668812179,0.5,2.0
two_timescale_ar_mix_4_11,two_timescale_ar_mix,4.0,11,3.694852149102355,125,0.8049514627028854,0.8868702065020186,94,0.8905373868890305,0.9010148747006539,0.5,2.0
two_timescale_ar_mix_4_12,two_timescale_ar_mix,4.0,12,3.2443923535605137,125,0.7782692282816612,0.833624441265024,89,0.8455837855589992,0.838941666597302,0.5,2.0
two_timescale_ar_mix_4_13,two_timescale_ar_mix,4.0,13,3.6857641651734134,125,0.8267755418162366,0.9291063972228045,94,0.9326918598119668,0.9443900953925809,0.5,2.0
two_timescale_ar_mix_8_00,two_timescale_ar_mix,8.0,0,6.53674968570079,125,0.9391770151903309,1.018099511843798,59,0.9644150483872399,0.9933727757134938,0.5,2.0
two_timescale_ar_mix_8_01,two_timescale_ar_mix,8.0,1,7.9378710494291385,125,0.9303980059252616,1.009179782644411,48,0.9562737043528949,1.010748734600731,0.5,2.0
two_timescale_ar_mix_8_02,two_timescale_ar_mix,8.0,2,7.600617322998565,125,0.9248210660451345,1.0157796313129381,51,0.9652082662250229,1.0315581942759866,0.5,2.0
two_timescale_ar_mix_8_03,two_timescale_ar_mix,8.0,3,7.425712301708108,125,0.970660981319778,1.0672380021259453,51,0.9961234222387065,1.063246483307169,0.5,2.0
two_timescale_ar_mix_8_04,two_timescale_ar_mix,8.0,4,8.335321596874564,125,0.8910111544510259,0.9484046427302708,46,0.9131100974698437,0.9463845145982825,0.5,2.0
two_timescale_ar_mix_8_05,two_timescale_ar_mix,8.0,5,7.484640254946839,125,0.9318364128992529,1.0028935811809732,51,0.9248110447604991,0.9600537600229634,0.5,2.0
two_timescale_ar_mix_8_06,two_timescale_ar_mix,8.0,6,6.2141782871361055,125,0.9082876508420437,0.9756381268396972,62,1.0187195534186053,1.0270127141956804,0.5,2.0
two_timescale_ar_mix_8_07,two_timescale_ar_mix,8.0,7,7.3379916612330565,125,0.9631893320229549,1.0381938096529455,52,0.9871029021830592,1.0220980811691445,0.5,2.0
two_timescale_ar_mix_8_08,two_timescale_ar_mix,8.0,8,5.968832945118655,125,0.9218595600275331,1.0066382442466022,64,0.9999054705966104,1.0218965692128021,0.5,2.0
two_timescale_ar_mix_8_09,two_timescale_ar_mix,8.0,9,5.593840945687191,125,0.9465191447457256,1.021992455868763,69,1.0104940683917452,1.021992455868763,0.5,2.0
two_timescale_ar_mix_8_10,two_timescale_ar_mix,8.0,10,7.083998653147499,125,1.0027124299860342,1.1290298628629514,54,1.016573087313677,1.0814401307407704,0.5,2.0
two_timescale_ar_mix_8_11,two_timescale_ar_mix,8.0,11,5.693125986573188,125,0.9561024660886267,1.0559588375979239,67,1.037437952207026,1.0634822196343365,0.5,2.0
two_timescale_ar_mix_8_12,two_timescale_ar_mix,8.0,12,5.502120812851842,125,0.9661149877462102,1.0379902805742878,70,1.019509704541461,1.019927080084221,0.5,2.0
two_timescale_ar_mix_8_13,two_timescale_ar_mix,8.0,13,7.115831168106282,125,0.9307492669685261,1.0142183484525231,54,0.9659658755723987,1.0107854543413812,0.5,2.0
two_timescale_ar_mix_16_00,two_timescale_ar_mix,16.0,0,13.505494509411884,125,1.298455051873955,1.3466917723209098,28,1.2745964461607162,1.3847527635515342,0.5,2.0
two_timescale_ar_mix_16_01,two_timescale_ar_mix,16.0,1,12.381152582430005,125,1.2660301862448757,1.3066960348057304,31,1.324726483402946,1.3782460801723135,0.5,2.0
two_timescale_ar_mix_16_02,two_timescale_ar_mix,16.0,2,20.243200736070488,125,1.2251533735132818,1.2892248136999913,19,1.0252977844354705,1.0679408345066865,0.5,2.0
two_timescale_ar_mix_16_03,two_timescale_ar_mix,16.0,3,12.566761449045492,125,1.2708210721669255,1.3291292284245317,30,1.351833132903295,1.4557984815748304,0.5,2.0
two_timescale_ar_mix_16_04,two_timescale_ar_mix,16.0,4,15.058820656323975,125,1.2657553133886326,1.3084874660070775,26,1.2527799394801553,1.352211766650547,0.5,2.0
two_timescale_ar_mix_16_05,two_timescale_ar_mix,16.0,5,9.251343346981088,125,1.2654506914399637,1.3151975075077185,42,1.3191729830906407,1.350497723181645,0.5,2.0
two_timescale_ar_mix_16_06,two_timescale_ar_mix,16.0,6,18.034733011991975,125,1.2553610993061672,1.3204691622780202,21,1.17489415759143,1.2726335761747516,0.5,2.0
two_timescale_ar_mix_16_07,two_timescale_ar_mix,16.0,7,12.471058057901844,125,1.2944125782244822,1.33392698533707,31,1.3323919621114346,1.4456174328630367,0.5,2.0
two_timescale_ar_mix_16_08,two_timescale_ar_mix,16.0,8,21.152686090861547,125,1.2476860897069193,1.2959189851394946,18,1.0582054121282574,1.0817194883666108,0.5,2.0
two_timescale_ar_mix_16_09,two_timescale_ar_mix,16.0,9,9.081358280933166,125,1.2747061452415813,1.3356603306604087,42,1.3650740606568745,1.4040215745869924,0.5,2.0
two_timescale_ar_mix_16_10,two_timescale_ar_mix,16.0,10,11.322755496813352,125,1.2492959709308133,1.2968542143702237,34,1.3162423868844837,1.3992706445739493,0.5,2.0
two_timescale_ar_mix_16_11,two_timescale_ar_mix,16.0,11,13.902604937157268,125,1.2549837659416456,1.3054441090391278,27,1.2058733783548592,1.2688944397044621,0.5,2.0
two_timescale_ar_mix_16_12,two_timescale_ar_mix,16.0,12,13.454381484575208,125,1.2140574960840473,1.2465990234392879,29,1.2655668884452955,1.371371222031247,0.5,2.0
two_timescale_ar_mix_16_13,two_timescale_ar_mix,16.0,13,16.191154644602353,125,1.2373675043477297,1.2811178065835607,24,1.2158695252892575,1.3029179010921224,0.5,2.0
two_timescale_ar_mix_32_00,two_timescale_ar_mix,32.0,0,35.532915077865724,125,1.494309299476122,1.507771257275948,11,1.1288570880193143,1.205351333484534,0.5,2.0
two_timescale_ar_mix_32_01,two_timescale_ar_mix,32.0,1,34.84235578386509,125,1.4107561415899894,1.399749765398733,11,1.1439426831408646,1.2061362770759303,0.5,2.0
two_timescale_ar_mix_32_02,two_timescale_ar_mix,32.0,2,12.113206130235893,125,1.416469535741288,1.4206918140807654,32,1.6385390685174377,1.6783853640867994,0.5,2.0
two_timescale_ar_mix_32_03,two_timescale_ar_mix,32.0,3,31.103742602266728,125,1.439410438692854,1.4446070464396044,12,1.3383708784813362,1.4184373867695874,0.5,2.0
two_timescale_ar_mix_32_04,two_timescale_ar_mix,32.0,4,17.837297806266236,125,1.4313494726890237,1.4503345487791175,21,1.5296400394941099,1.5889720681767368,0.5,2.0
two_timescale_ar_mix_32_05,two_timescale_ar_mix,32.0,5,27.49623738862572,125,1.4551622446338,1.4533154322395652,14,1.3592208528609417,1.4628063398555056,0.5,2.0
two_timescale_ar_mix_32_06,two_timescale_ar_mix,32.0,6,21.46866394161426,125,1.4456032303360762,1.4417972726794623,18,1.509589101046932,1.5880682064618696,0.5,2.0
two_timescale_ar_mix_32_07,two_timescale_ar_mix,32.0,7,21.035977220020314,125,1.455994839517797,1.469307229810283,18,1.4623980557576182,1.5061744362709368,0.5,2.0
two_timescale_ar_mix_32_08,two_timescale_ar_mix,32.0,8,37.49520887019837,125,1.4305999656762705,1.4190055428481347,10,1.116977216253335,1.108193798817259,0.5,2.0
two_timescale_ar_mix_32_09,two_timescale_ar_mix,32.0,9,30.569872257295177,125,1.4844658067015302,1.489999027300325,12,1.2877404956261118,1.3887431862774624,0.5,2.0
two_timescale_ar_mix_32_10,two_timescale_ar_mix,32.0,10,21.41224531222636,125,1.4627496017287993,1.4708606943487783,18,1.3855666346061994,1.442371069605385,0.5,2.0
two_timescale_ar_mix_32_11,two_timescale_ar_mix,32.0,11,18.15249833481677,125,1.4052194698069544,1.389729872737954,21,1.632489301507037,1.707190441837445,0.5,2.0
two_timescale_ar_mix_32_12,two_timescale_ar_mix,32.0,12,17.04453788855336,125,1.442032076576656,1.4532543968046867,23,1.5362664467467873,1.57191183652111,0.5,2.0
two_timescale_ar_mix_32_13,two_timescale_ar_mix,32.0,13,41.79509250541813,125,1.4686936642091002,1.4224715168919149,9,1.0660519245355895,1.0339884085602302,0.5,2.0
two_timescale_ar_mix_64_00,two_timescale_ar_mix,64.0,0,20.49974508875526,125,1.5023121023394266,1.439824718065911,18,1.8037394493206256,1.8259068097079805,0.5,2.0
two_timescale_ar_mix_64_01,two_timescale_ar_mix,64.0,1,31.47693111043173,125,1.5563203010491633,1.5389646262911887,12,1.674908764073078,1.6899319883957769,0.5,2.0
two_timescale_ar_mix_64_02,two_timescale_ar_mix,64.0,2,17.715372873035047,125,1.469200710070791,1.419874207834501,21,1.84196291902269,1.8820449855285102,0.5,2.0
two_timescale_ar_mix_64_03,two_timescale_ar_mix,64.0,3,26.790717024055095,125,1.4832837415839766,1.4492475689935191,15,1.7057222689717568,1.7372705914990154,0.5,2.0
two_timescale_ar_mix_64_04,two_timescale_ar_mix,64.0,4,17.93890180008708,125,1.4678317347813978,1.3913589289123738,21,1.8545489528411618,1.875253643523093,0.5,2.0
two_timescale_ar_mix_64_05,two_timescale_ar_mix,64.0,5,32.35389765797375,125,1.488019633310099,1.4226193283770616,12,1.5956604177045968,1.660827812278768,0.5,2.0
two_timescale_ar_mix_64_06,two_timescale_ar_mix,64.0,6,22.790071393133434,125,1.5070440889966503,1.4681706648947455,17,1.7966023110521654,1.8367620248939973,0.5,2.0
two_timescale_ar_mix_64_07,two_timescale_ar_mix,64.0,7,30.164520614516572,125,1.532486958792759,1.4972363606141332,12,1.6826847511734782,1.7511604678260049,0.5,2.0
two_timescale_ar_mix_64_08,two_timescale_ar_mix,64.0,8,19.103443725377534,125,1.5258254658471626,1.5028165114574188,20,1.866829079305592,1.9129998915615007,0.5,2.0
two_timescale_ar_mix_64_09,two_timescale_ar_mix,64.0,9,57.53654975999838,125,1.5698370989368922,1.5695094713856756,5,1.3794493572325142,1.4324518904867158,0.5,2.0
two_timescale_ar_mix_64_10,two_timescale_ar_mix,64.0,10,37.647297255014706,125,1.5546042193417888,1.5115265944377856,10,1.663685495164574,1.724261988929068,0.5,2.0
two_timescale_ar_mix_64_11,two_timescale_ar_mix,64.0,11,23.123139523032933,125,1.530401877898448,1.5011595146870116,17,1.7262811846322073,1.7776585428538196,0.5,2.0
two_timescale_ar_mix_64_12,two_timescale_ar_mix,64.0,12,29.936264936761788,125,1.558831174803895,1.5207963453453015,13,1.7351597392780287,1.7544328034395242,0.5,2.0
two_timescale_ar_mix_64_13,two_timescale_ar_mix,64.0,13,19.25568651793139,125,1.4985526298482617,1.4614891676126183,20,1.7573191893989606,1.792696769973904,0.5,2.0
two_timescale_ar_mix_128_00,two_timescale_ar_mix,128.0,0,39.72599011448228,125,1.5862257929250463,1.51976060756662,9,1.9269199026413801,1.963805351052346,0.5,2.0
two_timescale_ar_mix_128_01,two_timescale_ar_mix,128.0,1,48.199084644835914,125,1.5279459527960813,1.4559822629075674,7,1.9029429712159902,1.924294266563444,0.5,2.0
two_timescale_ar_mix_128_02,two_timescale_ar_mix,128.0,2,50.67693872214468,125,1.5381327919520396,1.4564434341510815,7,1.9083424624814005,1.9374513756970881,0.5,2.0
two_timescale_ar_mix_128_03,two_timescale_ar_mix,128.0,3,54.003431876171994,125,1.4623286004259128,1.408594153046266,6,1.8099226931714247,1.8750248343857572,0.5,2.0
two_timescale_ar_mix_128_04,two_timescale_ar_mix,128.0,4,67.78206845794053,125,1.578914550182271,1.506852993264897,4,1.645582169516347,1.63873262523441,0.5,2.0
two_timescale_ar_mix_128_05,two_timescale_ar_mix,128.0,5,23.244568877473547,125,1.536297800745933,1.464712510880342,17,1.9372723750027812,1.9356344637091236,0.5,2.0
two_timescale_ar_mix_128_06,two_timescale_ar_mix,128.0,6,57.13705127662308,125,1.531371424953377,1.4549413807527616,5,1.7670526278382597,1.7704048160238581,0.5,2.0
two_timescale_ar_mix_128_07,two_timescale_ar_mix,128.0,7,51.40451945584112,125,1.5229200033855166,1.462985401587455,6,1.8677771603997668,1.8744464317481166,0.5,2.0
two_timescale_ar_mix_128_08,two_timescale_ar_mix,128.0,8,47.37257853626362,125,1.5377727406396875,1.485609850058342,7,1.8207062386760526,1.847694532849755,0.5,2.0
two_timescale_ar_mix_128_09,two_timescale_ar_mix,128.0,9,48.0790142161984,125,1.5250134487742903,1.456112887734839,7,1.8370131059305448,1.8258189004980903,0.5,2.0
two_timescale_ar_mix_128_10,two_timescale_ar_mix,128.0,10,88.84314554620133,125,1.5428095642797481,1.5001633456549799,2,1.5948367202175775,1.5948367202175775,0.5,2.0
two_timescale_ar_mix_128_11,two_timescale_ar_mix,128.0,11,36.67503538246448,125,1.5507773199723809,1.5190542759676906,10,1.8437898547181555,1.8746751583639671,0.5,2.0
two_timescale_ar_mix_128_12,two_timescale_ar_mix,128.0,12,45.76098564874597,125,1.5639092295015764,1.4907816918001338,8,1.719043677211423,1.7124583291187188,0.5,2.0
two_timescale_ar_mix_128_13,two_timescale_ar_mix,128.0,13,37.24462840987349,125,1.5522442351382875,1.5061007506106436,10,1.8124821524403472,1.8181772335299513,0.5,2.0
arfima_fractional_2_00,arfima_fractional,2.0,0,52.18838988116593,125,0.4368060323940141,0.3976969357442687,6,0.654730173316067,0.6570774999764097,0.5,2.0
arfima_fractional_2_01,arfima_fractional,2.0,1,40.36406426906116,125,0.431205511602138,0.41194558777027973,9,0.4959132692531111,0.4826689869317931,0.5,2.0
arfima_fractional_2_02,arfima_fractional,2.0,2,7.871716471545567,125,0.4479850501068229,0.42141024164922286,49,0.49014564866505356,0.49303550291411813,0.5,2.0
arfima_fractional_2_03,arfima_fractional,2.0,3,5.414813578282615,125,0.4934287487971031,0.49069556491967675,71,0.4942604080751121,0.4931513476566471,0.5,2.0
arfima_fractional_2_04,arfima_fractional,2.0,4,19.794744081059992,125,0.4603264296757012,0.45537890600547737,19,0.4775795939554578,0.49628770397195804,0.5,2.0
arfima_fractional_2_05,arfima_fractional,2.0,5,25.244040079571864,125,0.48398542121118265,0.4749673683467841,15,0.5619730151627664,0.5493720239284402,0.5,2.0
arfima_fractional_2_06,arfima_fractional,2.0,6,17.840962186839494,125,0.46353141761907546,0.45222548550223574,21,0.5367283034607195,0.5431901666755048,0.5,2.0
arfima_fractional_2_07,arfima_fractional,2.0,7,11.130407467874754,125,0.4649776271898167,0.44705677269135624,35,0.5109722770482599,0.50509652503356,0.5,2.0
arfima_fractional_2_08,arfima_fractional,2.0,8,13.28229600959977,125,0.4414687838309079,0.4132879614515007,29,0.5542302806883531,0.5409535005572165,0.5,2.0
arfima_fractional_2_09,arfima_fractional,2.0,9,10.923093408521371,125,0.43188756265977307,0.417458285178196,35,0.4932324002708653,0.5015626422617805,0.5,2.0
arfima_fractional_2_10,arfima_fractional,2.0,10,14.868022355628556,125,0.4248549045937925,0.4133746270284292,26,0.534963837097686,0.5462630119893832,0.5,2.0
arfima_fractional_2_11,arfima_fractional,2.0,11,7.674279451419258,125,0.45180199214721545,0.4188160329836203,50,0.45736435957246563,0.4340956896416144,0.5,2.0
arfima_fractional_2_12,arfima_fractional,2.0,12,16.40188299572078,125,0.4512482328129649,0.4341545436427862,24,0.5612798164760373,0.5571939341600655,0.5,2.0
arfima_fractional_2_13,arfima_fractional,2.0,13,6.25724562282566,125,0.46404814899338265,0.4397510561969922,61,0.4544269866015324,0.4342460443200057,0.5,2.0
arfima_fractional_4_00,arfima_fractional,4.0,0,16.849287975026346,125,0.44091331151116503,0.4478050527310325,23,0.5504697328557377,0.5575891690567923,0.5,2.0
arfima_fractional_4_01,arfima_fractional,4.0,1,36.822041171884806,125,0.4564860886225613,0.44719339772597627,10,0.604152023602985,0.5962063742979455,0.5,2.0
arfima_fractional_4_02,arfima_fractional,4.0,2,26.56548364179654,125,0.5343772351987893,0.5328736318177064,15,0.4941007696490466,0.5142507539780578,0.5,2.0
arfima_fractional_4_03,arfima_fractional,4.0,3,18.344831428145138,125,0.4707349427745473,0.45694404930455884,21,0.5568397146240756,0.5517061472036073,0.5,2.0
arfima_fractional_4_04,arfima_fractional,4.0,4,77.39348165986252,125,0.4875535702071396,0.48841585843978325,3,0.5162545712184556,0.5272942615132837,0.5,2.0
arfima_fractional_4_05,arfima_fractional,4.0,5,6.231554304613598,125,0.48892027832235785,0.4758753117347567,62,0.4732772184757031,0.4618188847362157,0.5,2.0
arfima_fractional_4_06,arfima_fractional,4.0,6,8.503981898758074,125,0.4417260384462324,0.44180735208631355,45,0.5169661794573718,0.5075842230514405,0.5,2.0
arfima_fractional_4_07,arfima_fractional,4.0,7,9.21159537660946,125,0.4873371317024004,0.48301718577453967,42,0.5395545720227093,0.5406442595725207,0.5,2.0
arfima_fractional_4_08,arfima_fractional,4.0,8,6.125217914473871,125,0.45530713386856353,0.4248104702635982,63,0.4603166088885282,0.43789565510675993,0.5,2.0
arfima_fractional_4_09,arfima_fractional,4.0,9,12.29940469143196,125,0.40984716389605685,0.3626302580138181,31,0.5242247335171133,0.5073246026286905,0.5,2.0
arfima_fractional_4_10,arfima_fractional,4.0,10,25.24339808070515,125,0.4450206231135236,0.4448348785374631,15,0.5139771229668069,0.5182624909868002,0.5,2.0
arfima_fractional_4_11,arfima_fractional,4.0,11,4.468615264401891,125,0.4607027524964835,0.44482030945457723,86,0.44681555016625124,0.4433398792216172,0.5,2.0
arfima_fractional_4_12,arfima_fractional,4.0,12,14.576603613583442,125,0.4580489432489162,0.45720131534518604,27,0.49934716261610573,0.48782956649036296,0.5,2.0
arfima_fractional_4_13,arfima_fractional,4.0,13,4.337006859107977,125,0.37235341266168154,0.33809457561016976,89,0.33983348019166665,0.33061130966845054,0.5,2.0
arfima_fractional_8_00,arfima_fractional,8.0,0,7.109737131186707,125,0.4727697924586356,0.4608275785254001,54,0.48753712391237536,0.46483751930515466,0.5,2.0
arfima_fractional_8_01,arfima_fractional,8.0,1,9.821513336448513,125,0.47341176011797476,0.47059564081528094,39,0.538759177026178,0.5248660923835814,0.5,2.0
arfima_fractional_8_02,arfima_fractional,8.0,2,15.991726241807202,125,0.5015943970103018,0.5035006025742481,24,0.5229746646085233,0.5224160623375618,0.5,2.0
arfima_fractional_8_03,arfima_fractional,8.0,3,9.790311255100526,125,0.4566009190546158,0.46250816085391444,39,0.5414807610545986,0.5402293960501393,0.5,2.0
arfima_fractional_8_04,arfima_fractional,8.0,4,10.841055229985232,125,0.469165767401991,0.46421511105643887,36,0.5757063361051665,0.5881146860266939,0.5,2.0
arfima_fractional_8_05,arfima_fractional,8.0,5,44.09222533944432,125,0.4679259669134266,0.4523422056416959,8,0.5064532517350977,0.5036139389595586,0.5,2.0
arfima_fractional_8_06,arfima_fractional,8.0,6,21.546126769598633,125,0.46322565687073197,0.4600676999555104,18,0.5326648403732723,0.5099271737852166,0.5,2.0
arfima_fractional_8_07,arfima_fractional,8.0,7,10.018610146285248,125,0.4760951135123392,0.46560342261075566,39,0.5002275030902136,0.4870303857091837,0.5,2.0
arfima_fractional_8_08,arfima_fractional,8.0,8,20.87061098071545,125,0.4237905373314772,0.408614454815542,18,0.5073114461062084,0.5172727765724506,0.5,2.0
arfima_fractional_8_09,arfima_fractional,8.0,9,21.025816559834013,125,0.4245119795027691,0.40174782442794343,18,0.5513646726575728,0.5494880748503731,0.5,2.0
arfima_fractional_8_10,arfima_fractional,8.0,10,10.34894359185146,125,0.4657106990696746,0.435400348569585,37,0.5073021582722445,0.4976532285534653,0.5,2.0
arfima_fractional_8_11,arfima_fractional,8.0,11,9.451959519122632,125,0.47203688824069534,0.4526782220144449,41,0.5151974801258401,0.5293631272642356,0.5,2.0
arfima_fractional_8_12,arfima_fractional,8.0,12,15.1984485279823,125,0.44219998403252914,0.41410975495928687,25,0.530745082250198,0.4970922564726735,0.5,2.0
arfima_fractional_8_13,arfima_fractional,8.0,13,10.519816839337853,125,0.4204939312431886,0.41564051868127605,36,0.4587728950753667,0.4617960762854688,0.5,2.0
arfima_fractional_16_00,arfima_fractional,16.0,0,10.015806891173785,125,0.4541199451317334,0.4394506519104858,39,0.503073563038393,0.5014552331249514,0.5,2.0
arfima_fractional_16_01,arfima_fractional,16.0,1,6.0649949570573245,125,0.4437397446999728,0.4430115337250626,63,0.4483763982477877,0.4469632028080128,0.5,2.0
arfima_fractional_16_02,arfima_fractional,16.0,2,44.031929738328394,125,0.4305072875257467,0.40535261716656984,8,0.4854788166922618,0.46543860168207263,0.5,2.0
arfima_fractional_16_03,arfima_fractional,16.0,3,20.530741636333104,125,0.44496222075483155,0.44252805440536663,18,0.520551894017482,0.5152301074288116,0.5,2.0
arfima_fractional_16_04,arfima_fractional,16.0,4,10.464019671013562,125,0.4454461343286833,0.43852597944867305,36,0.4910787689408894,0.49430803789955857,0.5,2.0
arfima_fractional_16_05,arfima_fractional,16.0,5,16.03676805916745,125,0.443452183109233,0.4420489518828775,24,0.5197586651718428,0.5025772386415299,0.5,2.0
arfima_fractional_16_06,arfima_fractional,16.0,6,9.716738078451067,125,0.4549241369650502,0.4335429286864613,39,0.4524295392403616,0.4256436579188847,0.5,2.0
arfima_fractional_16_07,arfima_fractional,16.0,7,7.468414238379352,125,0.42632122983380705,0.38021007111924193,51,0.43615091641925,0.4092108334577274,0.5,2.0
arfima_fractional_16_08,arfima_fractional,16.0,8,12.750928327475439,125,0.4740309862288016,0.4609816018250935,30,0.5326117246415649,0.528196048812775,0.5,2.0
arfima_fractional_16_09,arfima_fractional,16.0,9,8.491373081927474,125,0.46402784129088004,0.43040621012329455,45,0.4255761056860981,0.4180149935387581,0.5,2.0
arfima_fractional_16_10,arfima_fractional,16.0,10,9.076444274958629,125,0.4100005214765182,0.3791807877382255,42,0.4821300732308685,0.48016645125596497,0.5,2.0
arfima_fractional_16_11,arfima_fractional,16.0,11,19.766152975416222,125,0.4721474406636824,0.45924101925651184,19,0.533176137231183,0.538008993267809,0.5,2.0
arfima_fractional_16_12,arfima_fractional,16.0,12,13.927450742497971,125,0.4723732191638162,0.4484754860733667,27,0.5615876769506185,0.5530495830256787,0.5,2.0
arfima_fractional_16_13,arfima_fractional,16.0,13,14.46418560590657,125,0.4346285992818416,0.4058439584014436,27,0.5113160672351985,0.497115466290139,0.5,2.0
arfima_fractional_32_00,arfima_fractional,32.0,0,19.03880511928567,125,0.4216559684942056,0.4117320644672787,20,0.5556674566182894,0.5547066033684214,0.5,2.0
arfima_fractional_32_01,arfima_fractional,32.0,1,6.5985651109318795,125,0.45215359417317696,0.4526822341374807,58,0.46705305699132,0.4614852725850261,0.5,2.0
arfima_fractional_32_02,arfima_fractional,32.0,2,38.11605061674685,125,0.46363456883834153,0.4680660934180934,10,0.5236770415424046,0.52342341540236,0.5,2.0
arfima_fractional_32_03,arfima_fractional,32.0,3,9.30758048600652,125,0.4541973986058637,0.4464200566106034,42,0.4636958044232493,0.4601612189946497,0.5,2.0
arfima_fractional_32_04,arfima_fractional,32.0,4,13.85397070253757,125,0.44744496314047,0.44052179649892975,27,0.5131997319037146,0.5105728068400917,0.5,2.0
arfima_fractional_32_05,arfima_fractional,32.0,5,6.450298907860413,125,0.4564554410119363,0.44406509587931936,60,0.4797699392843125,0.473251893020062,0.5,2.0
arfima_fractional_32_06,arfima_fractional,32.0,6,8.02936542506623,125,0.480493004475861,0.4631354364353313,48,0.48649513868816463,0.46809569109475,0.5,2.0
arfima_fractional_32_07,arfima_fractional,32.0,7,3.681991373427682,125,0.4298062538644426,0.4171178632594828,94,0.3874817283730693,0.3794203059019483,0.5,2.0
arfima_fractional_32_08,arfima_fractional,32.0,8,13.064983792732582,125,0.4488986891103675,0.4312040761515234,30,0.5427396949840033,0.5574646118244303,0.5,2.0
arfima_fractional_32_09,arfima_fractional,32.0,9,12.590456754762606,125,0.4245535840200108,0.4029248088944906,30,0.4830657362960532,0.45611135879434017,0.5,2.0
arfima_fractional_32_10,arfima_fractional,32.0,10,21.639342202980785,125,0.4573449681502352,0.441400385880554,18,0.5404738523331049,0.5123072381160427,0.5,2.0
arfima_fractional_32_11,arfima_fractional,32.0,11,30.29041493726104,125,0.42948091995892296,0.42070481219073486,12,0.5595389970523899,0.5516162423712667,0.5,2.0
arfima_fractional_32_12,arfima_fractional,32.0,12,11.581643521017186,125,0.4821797630737398,0.4473344557763901,33,0.5646464170889999,0.5755322496726544,0.5,2.0
arfima_fractional_32_13,arfima_fractional,32.0,13,6.7928873130564575,125,0.49609499379795186,0.48524057059430387,57,0.4847037169290518,0.48515926040276197,0.5,2.0
arfima_fractional_64_00,arfima_fractional,64.0,0,6.308975402371521,125,0.46719416326877566,0.4671057355578746,61,0.48587543530042876,0.47597442918302496,0.5,2.0
arfima_fractional_64_01,arfima_fractional,64.0,1,4.529263337909219,125,0.47032586467294774,0.4514809809760955,85,0.44450190691662045,0.4461719750518372,0.5,2.0
arfima_fractional_64_02,arfima_fractional,64.0,2,8.767627247309674,125,0.4666631282627803,0.44896373789301747,44,0.49364813600306656,0.4706931544330596,0.5,2.0
arfima_fractional_64_03,arfima_fractional,64.0,3,6.174378201258049,125,0.485772675732567,0.4718956669199801,62,0.515945029937874,0.4918639392358204,0.5,2.0
arfima_fractional_64_04,arfima_fractional,64.0,4,28.81255094810779,125,0.4516293295471998,0.42699559420322425,13,0.5244316037012624,0.5277788890663819,0.5,2.0
arfima_fractional_64_05,arfima_fractional,64.0,5,15.67407069273336,125,0.4776369392957601,0.46433278698543096,24,0.5133578201357486,0.5291004417055309,0.5,2.0
arfima_fractional_64_06,arfima_fractional,64.0,6,7.433889820331512,125,0.5106943165206392,0.50585683484363,51,0.48594028831708214,0.48979841729668616,0.5,2.0
arfima_fractional_64_07,arfima_fractional,64.0,7,6.3542862261184645,125,0.45574261040842035,0.4483673083298304,60,0.4480963592125112,0.44652995656581246,0.5,2.0
arfima_fractional_64_08,arfima_fractional,64.0,8,8.252005466413694,125,0.37022816281394366,0.32928140092156644,47,0.4325769275977605,0.4183968406550181,0.5,2.0
arfima_fractional_64_09,arfima_fractional,64.0,9,40.735800248962335,125,0.47503261428686583,0.47568526270257844,9,0.5337647902168678,0.5225750443496437,0.5,2.0
arfima_fractional_64_10,arfima_fractional,64.0,10,16.10945748994522,125,0.45242384760458154,0.4508860468095035,24,0.5668874281799435,0.5630901871437012,0.5,2.0
arfima_fractional_64_11,arfima_fractional,64.0,11,5.922475782977469,125,0.48569822533425716,0.47612802154832123,65,0.49046599759492054,0.4789275774893237,0.5,2.0
arfima_fractional_64_12,arfima_fractional,64.0,12,4.275664429092151,125,0.44648602506950713,0.43171881493790626,90,0.42483366949209717,0.42501719666101745,0.5,2.0
arfima_fractional_64_13,arfima_fractional,64.0,13,20.76050221256653,125,0.45445931535600664,0.4591201462622735,18,0.4794570291661211,0.48668616361962574,0.5,2.0
arfima_fractional_128_00,arfima_fractional,128.0,0,29.906480024683578,125,0.48253409682204274,0.4799459496015612,13,0.4974779938533185,0.4820001564221104,0.5,2.0
arfima_fractional_128_01,arfima_fractional,128.0,1,17.64798280112047,125,0.5148757168882195,0.4985568518911918,22,0.5587598585496218,0.561031654526533,0.5,2.0
arfima_fractional_128_02,arfima_fractional,128.0,2,11.23806559873152,125,0.4393480380351594,0.4188973667826609,34,0.48826528927351764,0.4930013852605476,0.5,2.0
arfima_fractional_128_03,arfima_fractional,128.0,3,13.928772668234718,125,0.5008818705208685,0.48425214316444076,27,0.5049111815658993,0.4935097794140132,0.5,2.0
arfima_fractional_128_04,arfima_fractional,128.0,4,8.631676365430007,125,0.435473795508394,0.4099660381304498,45,0.45065138823813516,0.41629591308312747,0.5,2.0
arfima_fractional_128_05,arfima_fractional,128.0,5,43.93251639526485,125,0.42284221614213596,0.3945246262325776,8,0.49920576490343116,0.5099987857549589,0.5,2.0
arfima_fractional_128_06,arfima_fractional,128.0,6,6.860763367278668,125,0.4384464375015218,0.40639745307841685,56,0.4456977128423775,0.4285271426590751,0.5,2.0
arfima_fractional_128_07,arfima_fractional,128.0,7,11.996860566009078,125,0.4311545032453644,0.407269328302473,32,0.5120021855046686,0.4870391517113204,0.5,2.0
arfima_fractional_128_08,arfima_fractional,128.0,8,11.487252783512222,125,0.44116055830340306,0.42675900299984926,33,0.49592425306000626,0.49363372457830634,0.5,2.0
arfima_fractional_128_09,arfima_fractional,128.0,9,11.632867142387015,125,0.4372160158884955,0.4188017459193916,33,0.4957734667128894,0.483297922374862,0.5,2.0
arfima_fractional_128_10,arfima_fractional,128.0,10,10.218247925660632,125,0.44197479055919126,0.4271469028219209,38,0.4743699845246466,0.462984868124473,0.5,2.0
arfima_fractional_128_11,arfima_fractional,128.0,11,8.08824859738728,125,0.44312056712780923,0.44918714341375704,48,0.47974502839611893,0.47019579400967326,0.5,2.0
arfima_fractional_128_12,arfima_fractional,128.0,12,23.228401094549913,125,0.4403729119842328,0.43771167276996087,17,0.5124389548089979,0.4999872289982332,0.5,2.0
arfima_fractional_128_13,arfima_fractional,128.0,13,18.249147887337788,125,0.47098705753823983,0.4535162460700426,21,0.5208304428250343,0.5237127498124038,0.5,2.0
seasonal_two_timescale_control_2_00,seasonal_two_timescale_control,2.0,0,2.183605754877284,125,0.8368405093522319,0.9210095268933551,70,0.9271155798863907,0.9264848523410474,0.5,2.0
seasonal_two_timescale_control_2_01,seasonal_two_timescale_control,2.0,1,1.9876299538329703,125,0.757873512713783,0.8086771563751117,64,0.8359803679001293,0.8413964470158413,0.5,2.0
seasonal_two_timescale_control_2_02,seasonal_two_timescale_control,2.0,2,2.497661994412415,125,0.8208265495206837,0.9288947221404211,77,0.9533252113383487,0.962110529943604,0.5,2.0
seasonal_two_timescale_control_2_03,seasonal_two_timescale_control,2.0,3,2.1061813514453362,125,0.8206065702126515,0.9028515168423661,68,0.9258799246923717,0.9280489899545439,0.5,2.0
seasonal_two_timescale_control_2_04,seasonal_two_timescale_control,2.0,4,1.8325542821757383,125,0.7844770447901762,0.8521332628348977,59,0.9066217798265817,0.9053311032944242,0.5,2.0
seasonal_two_timescale_control_2_05,seasonal_two_timescale_control,2.0,5,2.3848591716778573,125,0.801725877761811,0.8771012282547519,75,0.899079729116072,0.9025544442743724,0.5,2.0
seasonal_two_timescale_control_2_06,seasonal_two_timescale_control,2.0,6,2.4794453500856934,125,0.8410784097420624,0.9229447530630736,77,0.9483828875685786,0.9536581523764776,0.5,2.0
seasonal_two_timescale_control_2_07,seasonal_two_timescale_control,2.0,7,1.6755853106064313,125,0.8017169355373569,0.8886795773543523,52,0.9002052725643721,0.8989189332007067,0.5,2.0
seasonal_two_timescale_control_2_08,seasonal_two_timescale_control,2.0,8,2.24631735254561,125,0.8064659620610763,0.8809458280195648,72,0.9062990788255365,0.9121949980450249,0.5,2.0
seasonal_two_timescale_control_2_09,seasonal_two_timescale_control,2.0,9,2.4663681865290688,125,0.7942051949621831,0.8753238862800051,77,0.9021647573631375,0.9121636549585009,0.5,2.0
seasonal_two_timescale_control_2_10,seasonal_two_timescale_control,2.0,10,2.0278911637726975,125,0.763804094936555,0.8313909091840801,65,0.8458066112148552,0.8558954391982839,0.5,2.0
seasonal_two_timescale_control_2_11,seasonal_two_timescale_control,2.0,11,1.7947054981012047,125,0.8184027282489711,0.9019796950625517,57,0.9819241679871871,0.9904418338005001,0.5,2.0
seasonal_two_timescale_control_2_12,seasonal_two_timescale_control,2.0,12,1.9260678548852919,125,0.8281058745234999,0.9386586161036097,62,0.9581372628162339,0.9601678211400991,0.5,2.0
seasonal_two_timescale_control_2_13,seasonal_two_timescale_control,2.0,13,2.279896724386585,125,0.7409155240354107,0.8254729609182809,72,0.828673830733005,0.8402944727129441,0.5,2.0
seasonal_two_timescale_control_4_00,seasonal_two_timescale_control,4.0,0,4.30216681272293,125,0.7755593451914924,0.8571855019443164,90,0.8475789885638686,0.858537621027987,0.5,2.0
seasonal_two_timescale_control_4_01,seasonal_two_timescale_control,4.0,1,3.3628173342363974,125,0.8003141137758367,0.8523611536374046,90,0.8804836466393852,0.8822794710211043,0.5,2.0
seasonal_two_timescale_control_4_02,seasonal_two_timescale_control,4.0,2,3.031456054850701,125,0.7581966461418653,0.8243731417844347,86,0.8332910021314942,0.8362405854766964,0.5,2.0
seasonal_two_timescale_control_4_03,seasonal_two_timescale_control,4.0,3,2.870314005287643,125,0.7977180805280377,0.8879216046638727,84,0.8952060826001338,0.8987875077807953,0.5,2.0
seasonal_two_timescale_control_4_04,seasonal_two_timescale_control,4.0,4,2.9680968078239744,125,0.7373277503407821,0.7989412507892263,85,0.8064398229623699,0.8111359470782901,0.5,2.0
seasonal_two_timescale_control_4_05,seasonal_two_timescale_control,4.0,5,3.238149781967037,125,0.7853152933239692,0.8515678312669999,89,0.8700493363706123,0.8800325724967998,0.5,2.0
seasonal_two_timescale_control_4_06,seasonal_two_timescale_control,4.0,6,3.2228843046120517,125,0.7800647494367314,0.8439560395218694,89,0.8704561344435024,0.8892778810114823,0.5,2.0
seasonal_two_timescale_control_4_07,seasonal_two_timescale_control,4.0,7,4.611416309379646,125,0.761848195326445,0.8290282794817503,84,0.8352519713075933,0.8692424116512188,0.5,2.0
seasonal_two_timescale_control_4_08,seasonal_two_timescale_control,4.0,8,3.120446258412803,125,0.7514083405553784,0.811570596067503,87,0.8295386403144364,0.8363827908444758,0.5,2.0
seasonal_two_timescale_control_4_09,seasonal_two_timescale_control,4.0,9,3.966477760653885,125,0.7746765370730332,0.8317507366086091,96,0.8379187480507128,0.8378793393619538,0.5,2.0
seasonal_two_timescale_control_4_10,seasonal_two_timescale_control,4.0,10,4.056887672589565,125,0.7345420208280459,0.7910826098071276,95,0.7932948613127365,0.8005469287530339,0.5,2.0
seasonal_two_timescale_control_4_11,seasonal_two_timescale_control,4.0,11,3.5665326464015257,125,0.7746491877251154,0.8645307537466523,93,0.8594081017492029,0.8704957257256772,0.5,2.0
seasonal_two_timescale_control_4_12,seasonal_two_timescale_control,4.0,12,2.7224347786429766,125,0.8553205352654719,0.951130706082008,81,0.9716046277667948,0.9757653307995847,0.5,2.0
seasonal_two_timescale_control_4_13,seasonal_two_timescale_control,4.0,13,4.34508905125946,125,0.8147394603863359,0.9311012765287102,88,0.914065628887263,0.9406385411413498,0.5,2.0
seasonal_two_timescale_control_8_00,seasonal_two_timescale_control,8.0,0,6.76261883803926,125,0.9558227460648794,1.0487174028012014,57,0.9861599897683532,1.0331177134160252,0.5,2.0
seasonal_two_timescale_control_8_01,seasonal_two_timescale_control,8.0,1,11.430366357074314,125,0.9506292806650785,1.0097880949711826,33,0.8861924417194255,0.9592763016475665,0.5,2.0
seasonal_two_timescale_control_8_02,seasonal_two_timescale_control,8.0,2,5.8087871607366495,125,0.9473581267188899,1.0294772767140663,66,1.0233057865243256,1.0395877607191093,0.5,2.0
seasonal_two_timescale_control_8_03,seasonal_two_timescale_control,8.0,3,14.541305165311249,125,0.9263091059572632,1.009105725325289,27,0.7041232708662477,0.7356785656546133,0.5,2.0
seasonal_two_timescale_control_8_04,seasonal_two_timescale_control,8.0,4,8.065753099954998,125,0.9918961948552648,1.105409470445718,48,0.9622269964728277,1.0336300069794935,0.5,2.0
seasonal_two_timescale_control_8_05,seasonal_two_timescale_control,8.0,5,4.470634347862378,125,0.9476122472402566,1.038474794753977,86,1.031957266333452,1.040390051574946,0.5,2.0
seasonal_two_timescale_control_8_06,seasonal_two_timescale_control,8.0,6,7.463927016544904,125,0.9682735381862974,1.056114289954147,51,0.9870577862061716,1.0526601334726418,0.5,2.0
seasonal_two_timescale_control_8_07,seasonal_two_timescale_control,8.0,7,6.544424156393519,125,0.9609567341916786,1.047388629283327,59,1.0194486934009421,1.0495484823953452,0.5,2.0
seasonal_two_timescale_control_8_08,seasonal_two_timescale_control,8.0,8,8.771438768355655,125,0.9313202102715326,1.0026739317625906,44,0.9322170229601496,0.9929662299290214,0.5,2.0
seasonal_two_timescale_control_8_09,seasonal_two_timescale_control,8.0,9,6.7609736086448375,125,0.9532312319508647,1.0322058584575045,57,0.9889575267910521,1.0322058584575045,0.5,2.0
seasonal_two_timescale_control_8_10,seasonal_two_timescale_control,8.0,10,7.010341276099053,125,1.008197716560263,1.1270816816151925,55,1.029058541185172,1.1017946704938912,0.5,2.0
seasonal_two_timescale_control_8_11,seasonal_two_timescale_control,8.0,11,6.5490825371600945,125,0.987820073132254,1.083429309807003,59,1.0183444641391965,1.046915846447765,0.5,2.0
seasonal_two_timescale_control_8_12,seasonal_two_timescale_control,8.0,12,7.695750915731471,125,0.9369608609484503,1.018956556067318,50,0.9380832486998736,0.9864428085309058,0.5,2.0
seasonal_two_timescale_control_8_13,seasonal_two_timescale_control,8.0,13,6.874984750606721,125,0.9687779971757525,1.0579077401724273,56,1.005715996944913,1.0452359867728738,0.5,2.0
seasonal_two_timescale_control_16_00,seasonal_two_timescale_control,16.0,0,12.123354223341005,125,1.2687659817408656,1.3407016964086274,32,1.2784874614364932,1.3891804308705047,0.5,2.0
seasonal_two_timescale_control_16_01,seasonal_two_timescale_control,16.0,1,8.65769063461461,125,1.2477052955354784,1.2676638420457549,45,1.39702408933486,1.3963901002093988,0.5,2.0
seasonal_two_timescale_control_16_02,seasonal_two_timescale_control,16.0,2,14.186106815513183,125,1.2578850820596021,1.2976034871947006,27,1.2384359230907311,1.3143027854394802,0.5,2.0
seasonal_two_timescale_control_16_03,seasonal_two_timescale_control,16.0,3,11.339920508486362,125,1.2481266065143952,1.2976375225947954,34,1.357724749616684,1.4303754711523244,0.5,2.0
seasonal_two_timescale_control_16_04,seasonal_two_timescale_control,16.0,4,16.59807440160665,125,1.2376682570128208,1.2670157604429269,23,1.2236313561642853,1.3274296133911123,0.5,2.0
seasonal_two_timescale_control_16_05,seasonal_two_timescale_control,16.0,5,17.935315011177916,125,1.2168242817926749,1.2728999388188253,21,1.104938793687609,1.177121977599564,0.5,2.0
seasonal_two_timescale_control_16_06,seasonal_two_timescale_control,16.0,6,10.913311598600645,125,1.305251740975409,1.355124021366835,35,1.3429494965670334,1.4160896143780475,0.5,2.0
seasonal_two_timescale_control_16_07,seasonal_two_timescale_control,16.0,7,22.27743171902139,125,1.2503918442659938,1.2918391559262985,17,0.9999775119517416,1.0268070974194499,0.5,2.0
seasonal_two_timescale_control_16_08,seasonal_two_timescale_control,16.0,8,11.923030207803931,125,1.2255406524855008,1.2777404592614399,32,1.3087560959892395,1.4170134388127509,0.5,2.0
seasonal_two_timescale_control_16_09,seasonal_two_timescale_control,16.0,9,15.437537222214003,125,1.3404924104653795,1.3995334593824624,25,1.2201368625252769,1.307012052774526,0.5,2.0
seasonal_two_timescale_control_16_10,seasonal_two_timescale_control,16.0,10,19.17788152079563,125,1.2367909605106227,1.2627966207630128,20,1.0298312674378116,1.1097609682480134,0.5,2.0
seasonal_two_timescale_control_16_11,seasonal_two_timescale_control,16.0,11,20.165562304884897,125,1.29649740278787,1.3747690095940508,19,1.112459471164013,1.1539879392735497,0.5,2.0
seasonal_two_timescale_control_16_12,seasonal_two_timescale_control,16.0,12,17.792272250386624,125,1.2258068934559623,1.2855074014325845,21,1.0967168419961415,1.162341403016604,0.5,2.0
seasonal_two_timescale_control_16_13,seasonal_two_timescale_control,16.0,13,11.479836167678087,125,1.3166648685542102,1.3783134884698989,33,1.3369488828611462,1.3871148863469551,0.5,2.0
seasonal_two_timescale_control_32_00,seasonal_two_timescale_control,32.0,0,24.794072155246727,125,1.4483393835183327,1.4679118182953212,15,1.34648810429607,1.378029583865308,0.5,2.0
seasonal_two_timescale_control_32_01,seasonal_two_timescale_control,32.0,1,27.68926960813018,125,1.4676260333534046,1.4881408938895186,14,1.32336202029967,1.388039677111419,0.5,2.0
seasonal_two_timescale_control_32_02,seasonal_two_timescale_control,32.0,2,18.34590657509973,125,1.4542655523629358,1.4883791966197788,21,1.5119241878707677,1.607107121338779,0.5,2.0
seasonal_two_timescale_control_32_03,seasonal_two_timescale_control,32.0,3,21.945920420393797,125,1.4778377789232748,1.5025168545780918,18,1.460031769396003,1.5453803076974453,0.5,2.0
seasonal_two_timescale_control_32_04,seasonal_two_timescale_control,32.0,4,32.11133736514061,125,1.4807763855501168,1.4887092952449437,12,1.1252380657628567,1.1979392616443874,0.5,2.0
seasonal_two_timescale_control_32_05,seasonal_two_timescale_control,32.0,5,44.87371661885076,125,1.4245559703441144,1.4437115109109782,8,1.0713453218893227,1.1124632303224735,0.5,2.0
seasonal_two_timescale_control_32_06,seasonal_two_timescale_control,32.0,6,30.8118396241079,125,1.4722437837854383,1.4751140554485076,12,1.2829475425786236,1.3476554019279998,0.5,2.0
seasonal_two_timescale_control_32_07,seasonal_two_timescale_control,32.0,7,23.51464816676153,125,1.4483083434649167,1.4663469133982372,16,1.4269537859711363,1.4631756966785416,0.5,2.0
seasonal_two_timescale_control_32_08,seasonal_two_timescale_control,32.0,8,18.50467468136228,125,1.4592775239553684,1.4486548771073922,21,1.5865475705819232,1.651795074863187,0.5,2.0
seasonal_two_timescale_control_32_09,seasonal_two_timescale_control,32.0,9,15.086692607127226,125,1.4021638006564798,1.3781842371644535,25,1.6419825123896556,1.6998898497896684,0.5,2.0
seasonal_two_timescale_control_32_10,seasonal_two_timescale_control,32.0,10,24.49269037086688,125,1.4320226568278172,1.4258937068130102,15,1.4462909965261084,1.5056075227221528,0.5,2.0
seasonal_two_timescale_control_32_11,seasonal_two_timescale_control,32.0,11,29.068852389913786,125,1.4073209938493503,1.376169157439165,13,1.3218057528388363,1.360427585400149,0.5,2.0
seasonal_two_timescale_control_32_12,seasonal_two_timescale_control,32.0,12,21.737993157917966,125,1.450555389004935,1.4547422436832258,18,1.4479859106209751,1.4927197475836294,0.5,2.0
seasonal_two_timescale_control_32_13,seasonal_two_timescale_control,32.0,13,17.768828872359816,125,1.4364812544170005,1.4379894550093948,21,1.5827105731739726,1.671885498932312,0.5,2.0
seasonal_two_timescale_control_64_00,seasonal_two_timescale_control,64.0,0,13.886667900277246,125,1.5433192973362322,1.5045384143889369,27,1.8334919032470578,1.8384570932427846,0.5,2.0
seasonal_two_timescale_control_64_01,seasonal_two_timescale_control,64.0,1,25.99827118394786,125,1.4786888161361427,1.4055951025317253,15,1.7400105296236563,1.8529403776620637,0.5,2.0
seasonal_two_timescale_control_64_02,seasonal_two_timescale_control,64.0,2,30.116135425052367,125,1.5141403315150572,1.4871288904509223,13,1.6141877054189218,1.6224820436234797,0.5,2.0
seasonal_two_timescale_control_64_03,seasonal_two_timescale_control,64.0,3,24.21393059808507,125,1.5074301790234659,1.4805593622898605,16,1.7951196927535453,1.803467149726405,0.5,2.0
seasonal_two_timescale_control_64_04,seasonal_two_timescale_control,64.0,4,38.3677790641298,125,1.552673274551232,1.5471057558281822,10,1.6542650231404235,1.699320729116383,0.5,2.0
seasonal_two_timescale_control_64_05,seasonal_two_timescale_control,64.0,5,22.356219139098915,125,1.4721790465134375,1.400199959220499,17,1.737019339036576,1.8031800837220597,0.5,2.0
seasonal_two_timescale_control_64_06,seasonal_two_timescale_control,64.0,6,36.149477184883494,125,1.5359494585515756,1.4940099460212677,11,1.5955223012831914,1.6436441648601747,0.5,2.0
seasonal_two_timescale_control_64_07,seasonal_two_timescale_control,64.0,7,17.06554752111609,125,1.5313929459135038,1.5067052305436173,23,1.7442126404273552,1.7646919227204818,0.5,2.0
seasonal_two_timescale_control_64_08,seasonal_two_timescale_control,64.0,8,24.231071154201803,125,1.5433373431209274,1.5198321478242107,16,1.741716078146339,1.7931447721453964,0.5,2.0
seasonal_two_timescale_control_64_09,seasonal_two_timescale_control,64.0,9,19.861776319751257,125,1.4681220604551426,1.4025817279968409,19,1.8234791661442271,1.8563624252252964,0.5,2.0
seasonal_two_timescale_control_64_10,seasonal_two_timescale_control,64.0,10,21.995690613467133,125,1.5421222867189053,1.505054758932896,18,1.815036908723111,1.872649960456409,0.5,2.0
seasonal_two_timescale_control_64_11,seasonal_two_timescale_control,64.0,11,25.492760983148685,125,1.5152129294974965,1.4751920762648276,15,1.7701000321517235,1.8006697170862886,0.5,2.0
seasonal_two_timescale_control_64_12,seasonal_two_timescale_control,64.0,12,43.147769578699176,125,1.5525789087037092,1.5229206054962405,8,1.669899686679202,1.7417121554973192,0.5,2.0
seasonal_two_timescale_control_64_13,seasonal_two_timescale_control,64.0,13,42.98198385001027,125,1.5265417829063763,1.5013002801171136,8,1.52222640113057,1.5789263501454944,0.5,2.0
seasonal_two_timescale_control_128_00,seasonal_two_timescale_control,128.0,0,46.88357530904992,125,1.5683649362086463,1.498780632343398,7,1.8241625707698172,1.8588808005185606,0.5,2.0
seasonal_two_timescale_control_128_01,seasonal_two_timescale_control,128.0,1,59.432440424590574,125,1.5689478245479638,1.513232787404685,5,1.8607711108610672,1.871231034556717,0.5,2.0
seasonal_two_timescale_control_128_02,seasonal_two_timescale_control,128.0,2,39.815851094854935,125,1.5622822959436324,1.5088900538206218,9,1.8732094456056636,1.9080160485208932,0.5,2.0
seasonal_two_timescale_control_128_03,seasonal_two_timescale_control,128.0,3,47.53624183573772,125,1.5609656363764413,1.5122488571368036,7,1.887031686820061,1.9367710876938093,0.5,2.0
seasonal_two_timescale_control_128_04,seasonal_two_timescale_control,128.0,4,32.786609784213816,125,1.5491713442912969,1.5180602743417588,12,1.8363425677703802,1.8235642482700127,0.5,2.0
seasonal_two_timescale_control_128_05,seasonal_two_timescale_control,128.0,5,47.428955555259854,125,1.5492114054393678,1.515030448117404,7,1.8690622942008412,1.9352644886563737,0.5,2.0
seasonal_two_timescale_control_128_06,seasonal_two_timescale_control,128.0,6,39.82317157648838,125,1.5136203703605602,1.461873456522142,9,1.9280198308194778,1.9771122629455566,0.5,2.0
seasonal_two_timescale_control_128_07,seasonal_two_timescale_control,128.0,7,28.602478141694963,125,1.555451693247098,1.508192701752626,13,1.8817788638202484,1.8754982382982281,0.5,2.0
seasonal_two_timescale_control_128_08,seasonal_two_timescale_control,128.0,8,39.6066649280295,125,1.6009088699818628,1.5568832647583444,9,1.7758742984473082,1.8174962370651215,0.5,2.0
seasonal_two_timescale_control_128_09,seasonal_two_timescale_control,128.0,9,36.716499271410704,125,1.604906241312717,1.543327369458407,10,1.9267832854244364,1.948456684370846,0.5,2.0
seasonal_two_timescale_control_128_10,seasonal_two_timescale_control,128.0,10,46.59064077691923,125,1.5463983176687306,1.508165484747988,7,1.8374416950808905,1.9199495217072473,0.5,2.0
seasonal_two_timescale_control_128_11,seasonal_two_timescale_control,128.0,11,40.740190772700586,125,1.5748216331082259,1.5219480236717737,9,1.934208865066669,1.9783058106552964,0.5,2.0
seasonal_two_timescale_control_128_12,seasonal_two_timescale_control,128.0,12,54.51745866150158,125,1.5254133475922012,1.44498189192629,6,1.8274068653311801,1.8320113978439254,0.5,2.0
seasonal_two_timescale_control_128_13,seasonal_two_timescale_control,128.0,13,22.50390038388733,125,1.5720089256406315,1.5177162663680608,17,1.8919459174434934,1.8918445134202426,0.5,2.0
