gauge_id,n_models,rank_kendall_tau_nse_vs_beta,rank_kendall_p,best_nse_model,best_beta_model,best_nse_is_best_beta
10002,4,-0.3333333333333334,0.75,rrmpg_hbvedu,rrmpg_gr4j,False
10003,5,0.6,0.23333333333333334,global_lstm,global_lstm,True
101002,5,-0.6,0.23333333333333334,global_lstm,seasonal_ar1_null,False
101005,4,-0.3333333333333334,0.75,global_lstm,seasonal_ar1_null,False
102001,4,1.0,0.08333333333333333,global_lstm,global_lstm,True
106001,4,-0.3333333333333334,0.75,global_lstm,seasonal_ar1_null,False
11001,5,0.39999999999999997,0.48333333333333334,rrmpg_hbvedu,rrmpg_hbvedu,True
11003,5,0.6,0.23333333333333334,global_lstm,rrmpg_hbvedu,False
11004,4,-0.6666666666666669,0.3333333333333333,rrmpg_hbvedu,rrmpg_gr4j,False
12001,4,0.3333333333333334,0.75,rrmpg_hbvedu,global_lstm,False
12002,5,-0.19999999999999998,0.8166666666666667,global_lstm,rrmpg_gr4j,False
12005,4,0.0,1.0,global_lstm,rrmpg_gr4j,False
12007,4,-0.3333333333333334,0.75,global_lstm,seasonal_climatology,False
12008,5,0.39999999999999997,0.48333333333333334,global_lstm,rrmpg_hbvedu,False
12009,4,0.0,1.0,global_lstm,rrmpg_gr4j,False
13001,4,0.3333333333333334,0.75,global_lstm,rrmpg_gr4j,False
13004,4,0.6666666666666669,0.3333333333333333,global_lstm,global_lstm,True
13005,4,-0.3333333333333334,0.75,global_lstm,seasonal_ar1_null,False
13007,4,0.6666666666666669,0.3333333333333333,global_lstm,rrmpg_gr4j,False
13008,5,0.39999999999999997,0.48333333333333334,global_lstm,global_lstm,True
14001,5,0.19999999999999998,0.8166666666666667,global_lstm,rrmpg_gr4j,False
14002,4,0.3333333333333334,0.75,global_lstm,global_lstm,True
14005,4,-0.6666666666666669,0.3333333333333333,global_lstm,seasonal_ar1_null,False
15006,5,-0.6,0.23333333333333334,rrmpg_hbvedu,seasonal_ar1_null,False
15007,5,-0.6,0.23333333333333334,rrmpg_hbvedu,seasonal_ar1_null,False
15010,5,0.39999999999999997,0.48333333333333334,global_lstm,rrmpg_hbvedu,False
15011,4,0.3333333333333334,0.75,rrmpg_hbvedu,global_lstm,False
15012,4,0.0,1.0,rrmpg_gr4j,rrmpg_gr4j,True
15013,4,0.0,1.0,global_lstm,rrmpg_hbvedu,False
15014,4,0.3333333333333334,0.75,global_lstm,rrmpg_gr4j,False
15016,4,-0.3333333333333334,0.75,rrmpg_gr4j,seasonal_ar1_null,False
15021,4,0.3333333333333334,0.75,rrmpg_gr4j,rrmpg_hbvedu,False
15023,5,0.0,1.0,global_lstm,rrmpg_gr4j,False
15024,4,-0.3333333333333334,0.75,global_lstm,seasonal_ar1_null,False
15025,5,0.39999999999999997,0.48333333333333334,global_lstm,rrmpg_gr4j,False
15030,5,-0.7999999999999999,0.08333333333333333,rrmpg_hbvedu,seasonal_climatology,False
16001,4,0.3333333333333334,0.75,global_lstm,global_lstm,True
16004,5,0.0,1.0,rrmpg_gr4j,global_lstm,False
17001,4,0.0,1.0,global_lstm,seasonal_ar1_null,False
17003,5,0.19999999999999998,0.8166666666666667,global_lstm,seasonal_climatology,False
17004,5,0.0,1.0,global_lstm,rrmpg_gr4j,False
17005,4,-0.3333333333333334,0.75,global_lstm,rrmpg_gr4j,False
17015,5,-0.19999999999999998,0.8166666666666667,rrmpg_gr4j,seasonal_ar1_null,False
17018,5,0.9999999999999999,0.016666666666666666,global_lstm,global_lstm,True
18001,4,0.3333333333333334,0.75,global_lstm,rrmpg_gr4j,False
18002,4,0.0,1.0,global_lstm,rrmpg_hbvedu,False
18003,4,-0.3333333333333334,0.75,rrmpg_hbvedu,seasonal_ar1_null,False
18008,5,-0.9999999999999999,0.016666666666666666,rrmpg_hbvedu,seasonal_ar1_null,False
18010,5,-0.19999999999999998,0.8166666666666667,rrmpg_hbvedu,seasonal_ar1_null,False
18011,4,-1.0,0.08333333333333333,rrmpg_hbvedu,seasonal_ar1_null,False
18014,4,0.6666666666666669,0.3333333333333333,global_lstm,global_lstm,True
19006,5,0.0,1.0,global_lstm,seasonal_climatology,False
19010,5,-0.39999999999999997,0.48333333333333334,global_lstm,seasonal_climatology,False
19017,4,0.3333333333333334,0.75,global_lstm,global_lstm,True
19020,4,-0.3333333333333334,0.75,global_lstm,rrmpg_gr4j,False
20002,5,0.19999999999999998,0.8166666666666667,global_lstm,global_lstm,True
20003,5,0.19999999999999998,0.8166666666666667,global_lstm,rrmpg_gr4j,False
20007,4,0.3333333333333334,0.75,global_lstm,global_lstm,True
21003,4,0.3333333333333334,0.75,global_lstm,global_lstm,True
21006,5,0.19999999999999998,0.8166666666666667,global_lstm,seasonal_ar1_null,False
21008,4,0.0,1.0,global_lstm,rrmpg_gr4j,False
21009,4,-0.6666666666666669,0.3333333333333333,global_lstm,rrmpg_gr4j,False
21011,4,-0.3333333333333334,0.75,global_lstm,seasonal_ar1_null,False
21012,4,0.6666666666666669,0.3333333333333333,global_lstm,rrmpg_hbvedu,False
21013,4,-0.6666666666666669,0.3333333333333333,global_lstm,rrmpg_gr4j,False
21015,4,0.0,1.0,global_lstm,rrmpg_hbvedu,False
21016,5,0.0,1.0,global_lstm,seasonal_climatology,False
21017,4,0.6666666666666669,0.3333333333333333,global_lstm,global_lstm,True
21018,4,0.0,1.0,global_lstm,rrmpg_hbvedu,False
21022,5,0.6,0.23333333333333334,global_lstm,rrmpg_gr4j,False
21023,5,-0.39999999999999997,0.48333333333333334,rrmpg_hbvedu,seasonal_climatology,False
21024,4,1.0,0.08333333333333333,global_lstm,global_lstm,True
21026,4,0.6666666666666669,0.3333333333333333,global_lstm,global_lstm,True
21027,5,-0.19999999999999998,0.8166666666666667,global_lstm,seasonal_climatology,False
22001,5,0.0,1.0,global_lstm,seasonal_ar1_null,False
22006,4,-0.3333333333333334,0.75,global_lstm,rrmpg_gr4j,False
22007,5,-0.19999999999999998,0.8166666666666667,global_lstm,seasonal_ar1_null,False
22009,4,-0.3333333333333334,0.75,global_lstm,rrmpg_gr4j,False
23001,4,0.0,1.0,global_lstm,rrmpg_gr4j,False
23004,4,0.0,1.0,global_lstm,global_lstm,True
23006,5,0.39999999999999997,0.48333333333333334,global_lstm,rrmpg_gr4j,False
23007,5,0.6,0.23333333333333334,global_lstm,global_lstm,True
23008,5,0.0,1.0,global_lstm,rrmpg_gr4j,False
23016,5,-0.19999999999999998,0.8166666666666667,global_lstm,seasonal_climatology,False
24001,4,0.6666666666666669,0.3333333333333333,global_lstm,global_lstm,True
24003,5,0.19999999999999998,0.8166666666666667,global_lstm,rrmpg_gr4j,False
24004,4,0.6666666666666669,0.3333333333333333,global_lstm,global_lstm,True
24005,4,0.3333333333333334,0.75,global_lstm,rrmpg_gr4j,False
25001,4,0.3333333333333334,0.75,global_lstm,global_lstm,True
25006,5,0.19999999999999998,0.8166666666666667,global_lstm,rrmpg_gr4j,False
25020,5,0.19999999999999998,0.8166666666666667,global_lstm,rrmpg_hbvedu,False
26003,4,-0.6666666666666669,0.3333333333333333,rrmpg_hbvedu,seasonal_ar1_null,False
26005,5,0.6,0.23333333333333334,seasonal_ar1_null,seasonal_ar1_null,True
26006,4,0.0,1.0,rrmpg_gr4j,seasonal_ar1_null,False
26008,4,-0.3333333333333334,0.75,rrmpg_hbvedu,seasonal_ar1_null,False
26009,5,0.19999999999999998,0.8166666666666667,seasonal_climatology,seasonal_ar1_null,False
27001,4,0.0,1.0,global_lstm,rrmpg_gr4j,False
27002,4,0.6666666666666669,0.3333333333333333,global_lstm,global_lstm,True
27003,5,0.0,1.0,rrmpg_hbvedu,seasonal_climatology,False
27007,5,0.0,1.0,rrmpg_hbvedu,rrmpg_gr4j,False
27009,5,-0.6,0.23333333333333334,rrmpg_hbvedu,seasonal_ar1_null,False
27021,4,0.3333333333333334,0.75,global_lstm,rrmpg_gr4j,False
27023,4,0.6666666666666669,0.3333333333333333,global_lstm,global_lstm,True
27025,4,0.6666666666666669,0.3333333333333333,rrmpg_hbvedu,rrmpg_hbvedu,True
27026,4,0.6666666666666669,0.3333333333333333,global_lstm,rrmpg_gr4j,False
27029,4,0.3333333333333334,0.75,global_lstm,global_lstm,True
27030,5,0.39999999999999997,0.48333333333333334,rrmpg_hbvedu,rrmpg_gr4j,False
27032,4,0.0,1.0,rrmpg_gr4j,rrmpg_gr4j,True
27034,4,0.6666666666666669,0.3333333333333333,global_lstm,global_lstm,True
27035,4,-0.3333333333333334,0.75,rrmpg_hbvedu,seasonal_ar1_null,False
27038,4,0.3333333333333334,0.75,rrmpg_gr4j,rrmpg_gr4j,True
27041,4,0.3333333333333334,0.75,rrmpg_hbvedu,rrmpg_hbvedu,True
27042,5,0.6,0.23333333333333334,global_lstm,global_lstm,True
27043,5,0.6,0.23333333333333334,global_lstm,global_lstm,True
27047,4,0.6666666666666669,0.3333333333333333,global_lstm,global_lstm,True
27049,4,0.0,1.0,global_lstm,rrmpg_gr4j,False
27051,5,0.9999999999999999,0.016666666666666666,global_lstm,global_lstm,True
27062,5,0.19999999999999998,0.8166666666666667,rrmpg_hbvedu,rrmpg_hbvedu,True
27064,5,0.7999999999999999,0.08333333333333333,rrmpg_hbvedu,rrmpg_hbvedu,True
27065,4,0.6666666666666669,0.3333333333333333,global_lstm,global_lstm,True
27071,5,-0.6,0.23333333333333334,rrmpg_hbvedu,seasonal_climatology,False
27073,4,1.0,0.08333333333333333,rrmpg_gr4j,rrmpg_gr4j,True
27077,5,0.9999999999999999,0.016666666666666666,rrmpg_hbvedu,rrmpg_hbvedu,True
27079,5,0.0,1.0,global_lstm,rrmpg_gr4j,False
27080,4,-0.6666666666666669,0.3333333333333333,rrmpg_hbvedu,seasonal_ar1_null,False
27084,4,-0.6666666666666669,0.3333333333333333,global_lstm,seasonal_ar1_null,False
27087,4,0.0,1.0,rrmpg_gr4j,rrmpg_hbvedu,False
27089,5,0.0,1.0,global_lstm,rrmpg_gr4j,False
27090,5,0.6,0.23333333333333334,global_lstm,global_lstm,True
28001,4,0.3333333333333334,0.75,rrmpg_gr4j,rrmpg_gr4j,True
28003,4,0.3333333333333334,0.75,rrmpg_hbvedu,global_lstm,False
28008,4,0.0,1.0,rrmpg_hbvedu,global_lstm,False
28009,4,-0.3333333333333334,0.75,rrmpg_hbvedu,seasonal_ar1_null,False
28012,4,-0.3333333333333334,0.75,rrmpg_hbvedu,seasonal_ar1_null,False
28015,4,0.0,1.0,rrmpg_gr4j,rrmpg_hbvedu,False
28018,4,0.3333333333333334,0.75,rrmpg_hbvedu,rrmpg_hbvedu,True
28022,4,-0.3333333333333334,0.75,rrmpg_hbvedu,seasonal_ar1_null,False
28024,4,0.3333333333333334,0.75,rrmpg_hbvedu,rrmpg_hbvedu,True
28026,5,0.6,0.23333333333333334,rrmpg_hbvedu,rrmpg_hbvedu,True
28031,4,0.6666666666666669,0.3333333333333333,global_lstm,global_lstm,True
28033,5,-0.39999999999999997,0.48333333333333334,global_lstm,seasonal_ar1_null,False
28040,4,0.3333333333333334,0.75,global_lstm,rrmpg_hbvedu,False
28044,4,0.0,1.0,rrmpg_gr4j,seasonal_ar1_null,False
28046,4,-0.3333333333333334,0.75,rrmpg_hbvedu,rrmpg_gr4j,False
28048,4,1.0,0.08333333333333333,global_lstm,global_lstm,True
28050,4,-0.6666666666666669,0.3333333333333333,rrmpg_gr4j,seasonal_climatology,False
28052,5,0.39999999999999997,0.48333333333333334,global_lstm,global_lstm,True
28055,5,-0.19999999999999998,0.8166666666666667,global_lstm,seasonal_climatology,False
28056,5,0.39999999999999997,0.48333333333333334,global_lstm,global_lstm,True
28060,5,0.19999999999999998,0.8166666666666667,rrmpg_gr4j,seasonal_climatology,False
28066,5,0.6,0.23333333333333334,global_lstm,rrmpg_gr4j,False
28067,5,0.39999999999999997,0.48333333333333334,global_lstm,rrmpg_hbvedu,False
28072,5,-0.19999999999999998,0.8166666666666667,global_lstm,seasonal_climatology,False
28074,4,0.0,1.0,rrmpg_hbvedu,seasonal_ar1_null,False
28080,5,0.39999999999999997,0.48333333333333334,rrmpg_hbvedu,rrmpg_gr4j,False
28081,4,0.3333333333333334,0.75,rrmpg_hbvedu,rrmpg_hbvedu,True
28082,5,-0.19999999999999998,0.8166666666666667,rrmpg_hbvedu,global_lstm,False
28085,4,0.0,1.0,global_lstm,rrmpg_gr4j,False
28091,4,0.3333333333333334,0.75,global_lstm,global_lstm,True
28093,4,0.0,1.0,rrmpg_hbvedu,seasonal_ar1_null,False
28115,5,-0.19999999999999998,0.8166666666666667,rrmpg_hbvedu,seasonal_ar1_null,False
28116,4,0.0,1.0,rrmpg_hbvedu,rrmpg_gr4j,False
28117,4,0.3333333333333334,0.75,seasonal_climatology,global_lstm,False
29002,4,-0.3333333333333334,0.75,rrmpg_hbvedu,seasonal_ar1_null,False
29003,4,0.3333333333333334,0.75,rrmpg_gr4j,rrmpg_gr4j,True
29005,4,-0.3333333333333334,0.75,rrmpg_hbvedu,seasonal_ar1_null,False
29009,4,-0.3333333333333334,0.75,rrmpg_hbvedu,global_lstm,False
30001,4,0.6666666666666669,0.3333333333333333,rrmpg_gr4j,rrmpg_gr4j,True
30004,5,-0.19999999999999998,0.8166666666666667,global_lstm,seasonal_climatology,False
30005,4,-1.0,0.08333333333333333,rrmpg_hbvedu,seasonal_ar1_null,False
30011,4,0.0,1.0,rrmpg_hbvedu,rrmpg_gr4j,False
30012,5,-0.39999999999999997,0.48333333333333334,rrmpg_hbvedu,global_lstm,False
30014,5,-0.39999999999999997,0.48333333333333334,rrmpg_gr4j,seasonal_climatology,False
30015,4,-1.0,0.08333333333333333,rrmpg_hbvedu,seasonal_ar1_null,False
31002,5,0.0,1.0,rrmpg_hbvedu,global_lstm,False
31006,4,0.3333333333333334,0.75,rrmpg_hbvedu,rrmpg_gr4j,False
31010,4,-0.3333333333333334,0.75,rrmpg_hbvedu,global_lstm,False
31021,4,-0.3333333333333334,0.75,rrmpg_hbvedu,global_lstm,False
31023,4,0.3333333333333334,0.75,global_lstm,global_lstm,True
31025,5,-0.39999999999999997,0.48333333333333334,global_lstm,seasonal_ar1_null,False
32003,5,-0.39999999999999997,0.48333333333333334,rrmpg_hbvedu,seasonal_climatology,False
32004,5,0.6,0.23333333333333334,rrmpg_hbvedu,rrmpg_hbvedu,True
32006,5,0.0,1.0,rrmpg_hbvedu,global_lstm,False
33006,4,-0.3333333333333334,0.75,rrmpg_gr4j,global_lstm,False
33007,4,-0.3333333333333334,0.75,rrmpg_gr4j,seasonal_ar1_null,False
33012,5,0.19999999999999998,0.8166666666666667,rrmpg_hbvedu,global_lstm,False
33013,5,-0.19999999999999998,0.8166666666666667,rrmpg_hbvedu,seasonal_climatology,False
33014,5,0.39999999999999997,0.48333333333333334,rrmpg_hbvedu,rrmpg_hbvedu,True
33018,5,0.39999999999999997,0.48333333333333334,global_lstm,global_lstm,True
33019,4,0.0,1.0,rrmpg_gr4j,global_lstm,False
33020,5,0.0,1.0,rrmpg_hbvedu,rrmpg_gr4j,False
33021,4,-0.3333333333333334,0.75,rrmpg_hbvedu,seasonal_ar1_null,False
33022,5,0.39999999999999997,0.48333333333333334,rrmpg_hbvedu,rrmpg_hbvedu,True
33023,5,0.0,1.0,rrmpg_hbvedu,seasonal_climatology,False
33024,5,0.19999999999999998,0.8166666666666667,rrmpg_hbvedu,global_lstm,False
33026,5,0.39999999999999997,0.48333333333333334,rrmpg_hbvedu,rrmpg_gr4j,False
33028,5,0.6,0.23333333333333334,rrmpg_hbvedu,global_lstm,False
33029,4,0.3333333333333334,0.75,rrmpg_hbvedu,rrmpg_gr4j,False
33031,4,-0.6666666666666669,0.3333333333333333,global_lstm,seasonal_ar1_null,False
33032,4,1.0,0.08333333333333333,seasonal_ar1_null,seasonal_ar1_null,True
33033,4,-0.6666666666666669,0.3333333333333333,rrmpg_hbvedu,seasonal_ar1_null,False
33034,4,0.0,1.0,rrmpg_hbvedu,global_lstm,False
33035,5,-0.39999999999999997,0.48333333333333334,rrmpg_hbvedu,rrmpg_gr4j,False
33039,5,0.39999999999999997,0.48333333333333334,rrmpg_gr4j,rrmpg_hbvedu,False
33053,5,-0.39999999999999997,0.48333333333333334,rrmpg_hbvedu,global_lstm,False
33054,4,0.0,1.0,rrmpg_hbvedu,seasonal_ar1_null,False
33058,5,0.7999999999999999,0.08333333333333333,rrmpg_hbvedu,rrmpg_hbvedu,True
34002,5,0.39999999999999997,0.48333333333333334,rrmpg_hbvedu,rrmpg_hbvedu,True
34003,4,0.3333333333333334,0.75,rrmpg_gr4j,rrmpg_hbvedu,False
34004,4,0.3333333333333334,0.75,rrmpg_hbvedu,rrmpg_hbvedu,True
34005,5,0.19999999999999998,0.8166666666666667,rrmpg_hbvedu,rrmpg_hbvedu,True
34006,5,-0.39999999999999997,0.48333333333333334,rrmpg_hbvedu,seasonal_climatology,False
34007,5,-0.19999999999999998,0.8166666666666667,rrmpg_hbvedu,rrmpg_hbvedu,True
34008,4,0.3333333333333334,0.75,rrmpg_hbvedu,rrmpg_gr4j,False
34010,5,0.19999999999999998,0.8166666666666667,global_lstm,rrmpg_hbvedu,False
34011,5,0.19999999999999998,0.8166666666666667,rrmpg_hbvedu,seasonal_climatology,False
34012,4,0.6666666666666669,0.3333333333333333,seasonal_ar1_null,seasonal_ar1_null,True
35003,4,0.3333333333333334,0.75,rrmpg_hbvedu,rrmpg_hbvedu,True
35008,4,0.0,1.0,rrmpg_hbvedu,global_lstm,False
36003,5,0.19999999999999998,0.8166666666666667,rrmpg_hbvedu,seasonal_climatology,False
36006,4,-0.3333333333333334,0.75,rrmpg_hbvedu,seasonal_ar1_null,False
36009,4,-0.3333333333333334,0.75,rrmpg_hbvedu,rrmpg_gr4j,False
36011,4,0.3333333333333334,0.75,rrmpg_hbvedu,global_lstm,False
36012,4,0.3333333333333334,0.75,rrmpg_hbvedu,global_lstm,False
37001,4,-0.3333333333333334,0.75,rrmpg_hbvedu,seasonal_ar1_null,False
37003,5,0.19999999999999998,0.8166666666666667,rrmpg_hbvedu,rrmpg_hbvedu,True
37005,5,-0.39999999999999997,0.48333333333333334,rrmpg_hbvedu,seasonal_ar1_null,False
37008,4,-0.3333333333333334,0.75,rrmpg_hbvedu,seasonal_ar1_null,False
37009,5,0.39999999999999997,0.48333333333333334,rrmpg_hbvedu,rrmpg_hbvedu,True
37011,5,0.6,0.23333333333333334,rrmpg_hbvedu,global_lstm,False
37018,4,0.3333333333333334,0.75,rrmpg_hbvedu,global_lstm,False
37019,5,0.39999999999999997,0.48333333333333334,rrmpg_hbvedu,global_lstm,False
37020,5,0.39999999999999997,0.48333333333333334,rrmpg_hbvedu,rrmpg_hbvedu,True
37031,4,1.0,0.08333333333333333,rrmpg_hbvedu,rrmpg_hbvedu,True
37033,4,0.0,1.0,global_lstm,rrmpg_hbvedu,False
38001,4,0.6666666666666669,0.3333333333333333,global_lstm,rrmpg_hbvedu,False
38003,4,0.3333333333333334,0.75,rrmpg_gr4j,seasonal_ar1_null,False
38004,4,0.6666666666666669,0.3333333333333333,global_lstm,global_lstm,True
38007,5,-0.19999999999999998,0.8166666666666667,global_lstm,seasonal_climatology,False
38017,4,-0.3333333333333334,0.75,rrmpg_gr4j,seasonal_ar1_null,False
38018,4,0.0,1.0,rrmpg_hbvedu,seasonal_ar1_null,False
38021,4,0.3333333333333334,0.75,global_lstm,global_lstm,True
38026,5,0.39999999999999997,0.48333333333333334,rrmpg_hbvedu,global_lstm,False
38029,5,-0.39999999999999997,0.48333333333333334,rrmpg_hbvedu,seasonal_climatology,False
38030,5,-0.39999999999999997,0.48333333333333334,rrmpg_hbvedu,seasonal_climatology,False
39001,4,0.0,1.0,rrmpg_hbvedu,rrmpg_hbvedu,True
39002,4,0.6666666666666669,0.3333333333333333,rrmpg_hbvedu,global_lstm,False
39004,5,-0.6,0.23333333333333334,rrmpg_gr4j,seasonal_ar1_null,False
39005,4,-1.0,0.08333333333333333,rrmpg_hbvedu,seasonal_ar1_null,False
39006,4,0.3333333333333334,0.75,rrmpg_gr4j,rrmpg_hbvedu,False
39007,5,0.39999999999999997,0.48333333333333334,rrmpg_hbvedu,rrmpg_hbvedu,True
39008,5,0.39999999999999997,0.48333333333333334,rrmpg_hbvedu,rrmpg_hbvedu,True
39010,4,0.0,1.0,rrmpg_gr4j,seasonal_ar1_null,False
39011,4,-0.3333333333333334,0.75,rrmpg_hbvedu,rrmpg_gr4j,False
39012,4,-0.3333333333333334,0.75,rrmpg_hbvedu,global_lstm,False
39014,4,0.3333333333333334,0.75,rrmpg_gr4j,seasonal_ar1_null,False
39015,4,0.0,1.0,rrmpg_hbvedu,seasonal_ar1_null,False
39016,4,0.0,1.0,rrmpg_hbvedu,rrmpg_gr4j,False
39017,5,0.0,1.0,rrmpg_hbvedu,global_lstm,False
39019,4,-0.3333333333333334,0.75,rrmpg_gr4j,seasonal_ar1_null,False
39020,4,1.0,0.08333333333333333,rrmpg_hbvedu,rrmpg_hbvedu,True
39021,4,-0.3333333333333334,0.75,rrmpg_hbvedu,seasonal_ar1_null,False
39022,4,-0.3333333333333334,0.75,rrmpg_hbvedu,global_lstm,False
39023,4,0.0,1.0,rrmpg_hbvedu,seasonal_ar1_null,False
39025,5,0.19999999999999998,0.8166666666666667,global_lstm,global_lstm,True
39027,4,-0.3333333333333334,0.75,rrmpg_gr4j,rrmpg_hbvedu,False
39028,4,0.3333333333333334,0.75,rrmpg_gr4j,seasonal_ar1_null,False
39029,4,0.0,1.0,rrmpg_hbvedu,rrmpg_gr4j,False
39034,4,0.3333333333333334,0.75,rrmpg_hbvedu,global_lstm,False
39035,4,0.0,1.0,rrmpg_hbvedu,seasonal_ar1_null,False
39036,5,-0.19999999999999998,0.8166666666666667,rrmpg_hbvedu,seasonal_climatology,False
39037,4,0.0,1.0,rrmpg_gr4j,seasonal_ar1_null,False
39042,4,0.0,1.0,rrmpg_hbvedu,rrmpg_gr4j,False
39049,4,0.3333333333333334,0.75,global_lstm,rrmpg_hbvedu,False
39052,5,0.39999999999999997,0.48333333333333334,rrmpg_hbvedu,global_lstm,False
39054,5,0.0,1.0,rrmpg_hbvedu,global_lstm,False
39056,5,-0.6,0.23333333333333334,rrmpg_hbvedu,global_lstm,False
39061,4,-0.3333333333333334,0.75,rrmpg_gr4j,seasonal_ar1_null,False
39065,4,0.6666666666666669,0.3333333333333333,rrmpg_gr4j,seasonal_ar1_null,False
39069,5,0.39999999999999997,0.48333333333333334,rrmpg_hbvedu,global_lstm,False
39072,4,1.0,0.08333333333333333,rrmpg_hbvedu,rrmpg_hbvedu,True
39078,4,-0.3333333333333334,0.75,rrmpg_gr4j,global_lstm,False
39081,4,-0.3333333333333334,0.75,rrmpg_gr4j,seasonal_ar1_null,False
39087,5,0.19999999999999998,0.8166666666666667,rrmpg_hbvedu,global_lstm,False
39088,4,0.0,1.0,rrmpg_gr4j,seasonal_ar1_null,False
39095,5,-0.39999999999999997,0.48333333333333334,rrmpg_hbvedu,global_lstm,False
39099,4,0.3333333333333334,0.75,rrmpg_gr4j,seasonal_ar1_null,False
39101,4,0.0,1.0,rrmpg_gr4j,seasonal_ar1_null,False
39105,5,-0.19999999999999998,0.8166666666666667,rrmpg_hbvedu,seasonal_climatology,False
39108,4,0.0,1.0,rrmpg_gr4j,seasonal_ar1_null,False
39114,5,0.39999999999999997,0.48333333333333334,seasonal_climatology,seasonal_ar1_null,False
39120,4,-0.6666666666666669,0.3333333333333333,rrmpg_hbvedu,seasonal_ar1_null,False
39125,5,-0.19999999999999998,0.8166666666666667,seasonal_climatology,seasonal_ar1_null,False
39127,4,0.0,1.0,rrmpg_gr4j,seasonal_ar1_null,False
39141,4,0.3333333333333334,0.75,rrmpg_gr4j,rrmpg_gr4j,True
39142,4,0.3333333333333334,0.75,seasonal_ar1_null,rrmpg_hbvedu,False
39143,4,-0.3333333333333334,0.75,rrmpg_gr4j,seasonal_ar1_null,False
39144,4,-0.6666666666666669,0.3333333333333333,global_lstm,seasonal_ar1_null,False
40003,5,0.9999999999999999,0.016666666666666666,rrmpg_hbvedu,rrmpg_hbvedu,True
40004,5,0.0,1.0,rrmpg_hbvedu,global_lstm,False
40005,4,0.6666666666666669,0.3333333333333333,rrmpg_hbvedu,rrmpg_hbvedu,True
40006,4,-0.3333333333333334,0.75,rrmpg_gr4j,seasonal_ar1_null,False
40007,5,-0.6,0.23333333333333334,global_lstm,seasonal_climatology,False
40009,5,-0.19999999999999998,0.8166666666666667,global_lstm,seasonal_ar1_null,False
4001,5,0.19999999999999998,0.8166666666666667,rrmpg_gr4j,rrmpg_hbvedu,False
40010,4,1.0,0.08333333333333333,global_lstm,global_lstm,True
40012,4,0.3333333333333334,0.75,rrmpg_gr4j,rrmpg_hbvedu,False
40013,4,0.0,1.0,global_lstm,rrmpg_gr4j,False
40016,5,0.0,1.0,rrmpg_hbvedu,seasonal_climatology,False
40017,5,-0.39999999999999997,0.48333333333333334,global_lstm,seasonal_climatology,False
40018,5,0.0,1.0,rrmpg_gr4j,rrmpg_hbvedu,False
40020,5,-0.6,0.23333333333333334,rrmpg_hbvedu,seasonal_climatology,False
40021,5,-0.19999999999999998,0.8166666666666667,global_lstm,seasonal_climatology,False
40033,4,0.0,1.0,seasonal_ar1_null,seasonal_ar1_null,True
41001,5,-0.39999999999999997,0.48333333333333334,rrmpg_hbvedu,seasonal_ar1_null,False
41003,4,0.0,1.0,rrmpg_hbvedu,rrmpg_hbvedu,True
41004,4,-0.6666666666666669,0.3333333333333333,rrmpg_hbvedu,global_lstm,False
41005,4,0.6666666666666669,0.3333333333333333,global_lstm,global_lstm,True
41006,4,-1.0,0.08333333333333333,rrmpg_hbvedu,seasonal_ar1_null,False
41009,5,0.19999999999999998,0.8166666666666667,rrmpg_hbvedu,rrmpg_hbvedu,True
41011,4,0.6666666666666669,0.3333333333333333,rrmpg_gr4j,rrmpg_gr4j,True
41012,4,0.0,1.0,rrmpg_hbvedu,rrmpg_gr4j,False
41013,5,-0.7999999999999999,0.08333333333333333,rrmpg_hbvedu,seasonal_climatology,False
41014,5,0.0,1.0,rrmpg_hbvedu,rrmpg_hbvedu,True
41016,4,-0.3333333333333334,0.75,global_lstm,seasonal_ar1_null,False
41019,5,0.0,1.0,rrmpg_hbvedu,rrmpg_gr4j,False
41020,5,0.0,1.0,rrmpg_hbvedu,seasonal_ar1_null,False
41022,4,0.3333333333333334,0.75,global_lstm,global_lstm,True
41023,4,-0.3333333333333334,0.75,rrmpg_hbvedu,seasonal_ar1_null,False
41025,4,0.3333333333333334,0.75,rrmpg_hbvedu,rrmpg_hbvedu,True
41027,5,-0.19999999999999998,0.8166666666666667,global_lstm,seasonal_climatology,False
41028,4,0.3333333333333334,0.75,global_lstm,global_lstm,True
41029,5,-0.6,0.23333333333333334,rrmpg_hbvedu,seasonal_climatology,False
42001,4,-0.6666666666666669,0.3333333333333333,rrmpg_hbvedu,seasonal_ar1_null,False
42003,4,0.3333333333333334,0.75,rrmpg_gr4j,global_lstm,False
42004,4,-0.6666666666666669,0.3333333333333333,rrmpg_gr4j,seasonal_ar1_null,False
42006,4,0.0,1.0,rrmpg_gr4j,seasonal_ar1_null,False
42008,5,-0.19999999999999998,0.8166666666666667,rrmpg_gr4j,seasonal_ar1_null,False
42010,5,0.19999999999999998,0.8166666666666667,rrmpg_gr4j,seasonal_climatology,False
42011,5,-0.7999999999999999,0.08333333333333333,rrmpg_hbvedu,seasonal_climatology,False
42016,4,-0.3333333333333334,0.75,rrmpg_gr4j,seasonal_ar1_null,False
42017,5,-0.39999999999999997,0.48333333333333334,global_lstm,seasonal_ar1_null,False
42024,4,0.3333333333333334,0.75,rrmpg_gr4j,seasonal_ar1_null,False
42026,4,-0.3333333333333334,0.75,seasonal_ar1_null,rrmpg_hbvedu,False
42027,4,1.0,0.08333333333333333,seasonal_ar1_null,seasonal_ar1_null,True
43005,4,0.3333333333333334,0.75,rrmpg_hbvedu,rrmpg_hbvedu,True
43006,4,-0.3333333333333334,0.75,rrmpg_gr4j,seasonal_ar1_null,False
43007,4,0.6666666666666669,0.3333333333333333,rrmpg_gr4j,rrmpg_hbvedu,False
43008,4,0.0,1.0,rrmpg_gr4j,seasonal_ar1_null,False
43009,5,0.19999999999999998,0.8166666666666667,rrmpg_hbvedu,rrmpg_hbvedu,True
43014,4,0.0,1.0,rrmpg_gr4j,seasonal_ar1_null,False
43017,4,0.0,1.0,rrmpg_hbvedu,global_lstm,False
43018,4,-0.3333333333333334,0.75,rrmpg_hbvedu,seasonal_ar1_null,False
43021,4,0.3333333333333334,0.75,rrmpg_gr4j,rrmpg_hbvedu,False
44001,4,-0.3333333333333334,0.75,rrmpg_gr4j,seasonal_ar1_null,False
44002,4,-0.3333333333333334,0.75,rrmpg_hbvedu,seasonal_ar1_null,False
44006,4,0.0,1.0,rrmpg_gr4j,seasonal_ar1_null,False
44009,4,-0.6666666666666669,0.3333333333333333,rrmpg_gr4j,seasonal_ar1_null,False
44011,4,0.3333333333333334,0.75,global_lstm,global_lstm,True
45001,4,-0.6666666666666669,0.3333333333333333,rrmpg_hbvedu,seasonal_ar1_null,False
45003,4,0.3333333333333334,0.75,global_lstm,global_lstm,True
45004,4,0.0,1.0,global_lstm,rrmpg_gr4j,False
45005,4,0.3333333333333334,0.75,global_lstm,rrmpg_gr4j,False
45009,4,0.0,1.0,rrmpg_hbvedu,rrmpg_hbvedu,True
45012,4,0.3333333333333334,0.75,global_lstm,global_lstm,True
46003,5,0.0,1.0,global_lstm,seasonal_ar1_null,False
46005,4,0.3333333333333334,0.75,global_lstm,rrmpg_hbvedu,False
46008,5,0.39999999999999997,0.48333333333333334,global_lstm,global_lstm,True
47001,5,-0.39999999999999997,0.48333333333333334,rrmpg_hbvedu,global_lstm,False
47004,4,-0.6666666666666669,0.3333333333333333,rrmpg_hbvedu,global_lstm,False
47005,5,-0.19999999999999998,0.8166666666666667,global_lstm,seasonal_climatology,False
47008,4,-0.3333333333333334,0.75,global_lstm,seasonal_ar1_null,False
47009,4,0.0,1.0,rrmpg_hbvedu,rrmpg_hbvedu,True
47011,5,0.6,0.23333333333333334,global_lstm,rrmpg_gr4j,False
47014,5,0.7999999999999999,0.08333333333333333,global_lstm,global_lstm,True
47018,5,0.7999999999999999,0.08333333333333333,global_lstm,rrmpg_gr4j,False
48003,4,-0.3333333333333334,0.75,rrmpg_hbvedu,global_lstm,False
48004,5,-0.39999999999999997,0.48333333333333334,rrmpg_hbvedu,seasonal_ar1_null,False
48005,4,-0.6666666666666669,0.3333333333333333,rrmpg_gr4j,seasonal_ar1_null,False
48011,4,-0.3333333333333334,0.75,rrmpg_hbvedu,global_lstm,False
49001,4,-0.6666666666666669,0.3333333333333333,rrmpg_hbvedu,seasonal_ar1_null,False
49002,4,-1.0,0.08333333333333333,rrmpg_hbvedu,seasonal_ar1_null,False
49004,4,-0.6666666666666669,0.3333333333333333,rrmpg_hbvedu,seasonal_ar1_null,False
50001,4,-0.3333333333333334,0.75,rrmpg_hbvedu,global_lstm,False
50002,5,0.0,1.0,global_lstm,rrmpg_gr4j,False
50006,4,-0.3333333333333334,0.75,global_lstm,seasonal_ar1_null,False
50007,5,-0.7999999999999999,0.08333333333333333,global_lstm,seasonal_ar1_null,False
50008,5,0.7999999999999999,0.08333333333333333,global_lstm,rrmpg_hbvedu,False
50011,4,0.0,1.0,global_lstm,seasonal_ar1_null,False
5003,5,0.0,1.0,rrmpg_gr4j,rrmpg_gr4j,True
51001,4,-0.3333333333333334,0.75,global_lstm,seasonal_ar1_null,False
52004,5,0.19999999999999998,0.8166666666666667,global_lstm,rrmpg_gr4j,False
52005,5,-0.19999999999999998,0.8166666666666667,global_lstm,seasonal_climatology,False
52006,5,-0.19999999999999998,0.8166666666666667,global_lstm,seasonal_climatology,False
52007,5,0.0,1.0,rrmpg_hbvedu,rrmpg_gr4j,False
52009,4,-0.6666666666666669,0.3333333333333333,rrmpg_gr4j,seasonal_ar1_null,False
52010,4,-0.3333333333333334,0.75,rrmpg_hbvedu,global_lstm,False
52011,4,0.3333333333333334,0.75,rrmpg_hbvedu,rrmpg_hbvedu,True
52015,5,-0.39999999999999997,0.48333333333333334,global_lstm,seasonal_climatology,False
52016,4,-0.3333333333333334,0.75,rrmpg_gr4j,seasonal_ar1_null,False
53005,4,-0.6666666666666669,0.3333333333333333,rrmpg_hbvedu,seasonal_ar1_null,False
53006,5,-0.7999999999999999,0.08333333333333333,rrmpg_hbvedu,seasonal_ar1_null,False
53007,5,-0.39999999999999997,0.48333333333333334,global_lstm,seasonal_ar1_null,False
53008,4,-0.6666666666666669,0.3333333333333333,rrmpg_hbvedu,seasonal_ar1_null,False
53009,4,-0.6666666666666669,0.3333333333333333,rrmpg_hbvedu,seasonal_ar1_null,False
53013,5,-0.19999999999999998,0.8166666666666667,rrmpg_hbvedu,global_lstm,False
53017,4,-0.3333333333333334,0.75,global_lstm,seasonal_climatology,False
53018,5,0.19999999999999998,0.8166666666666667,rrmpg_hbvedu,global_lstm,False
53022,4,0.0,1.0,rrmpg_hbvedu,rrmpg_hbvedu,True
53023,4,-1.0,0.08333333333333333,rrmpg_hbvedu,seasonal_ar1_null,False
53028,4,0.0,1.0,rrmpg_hbvedu,rrmpg_hbvedu,True
54001,4,0.0,1.0,rrmpg_hbvedu,rrmpg_hbvedu,True
54002,5,-0.39999999999999997,0.48333333333333334,rrmpg_hbvedu,seasonal_climatology,False
54003,5,0.0,1.0,rrmpg_gr4j,global_lstm,False
54004,5,-0.19999999999999998,0.8166666666666667,rrmpg_hbvedu,seasonal_climatology,False
54005,4,0.0,1.0,rrmpg_hbvedu,rrmpg_hbvedu,True
54007,4,0.3333333333333334,0.75,global_lstm,rrmpg_gr4j,False
54008,4,0.3333333333333334,0.75,rrmpg_hbvedu,rrmpg_hbvedu,True
54011,5,0.9999999999999999,0.016666666666666666,global_lstm,global_lstm,True
54012,4,-0.3333333333333334,0.75,rrmpg_hbvedu,seasonal_ar1_null,False
54016,4,-1.0,0.08333333333333333,rrmpg_gr4j,seasonal_ar1_null,False
54017,5,0.7999999999999999,0.08333333333333333,rrmpg_gr4j,rrmpg_hbvedu,False
54018,4,-0.3333333333333334,0.75,rrmpg_hbvedu,rrmpg_gr4j,False
54019,4,0.6666666666666669,0.3333333333333333,rrmpg_hbvedu,rrmpg_hbvedu,True
54020,4,0.0,1.0,rrmpg_hbvedu,rrmpg_gr4j,False
54022,4,0.0,1.0,global_lstm,global_lstm,True
54024,4,0.0,1.0,rrmpg_hbvedu,rrmpg_hbvedu,True
54025,4,0.3333333333333334,0.75,global_lstm,global_lstm,True
54027,4,-0.3333333333333334,0.75,rrmpg_gr4j,seasonal_ar1_null,False
54028,5,0.19999999999999998,0.8166666666666667,global_lstm,global_lstm,True
54029,4,0.3333333333333334,0.75,rrmpg_hbvedu,rrmpg_hbvedu,True
54032,5,0.19999999999999998,0.8166666666666667,rrmpg_hbvedu,rrmpg_hbvedu,True
54034,4,0.3333333333333334,0.75,global_lstm,rrmpg_hbvedu,False
54036,5,-0.19999999999999998,0.8166666666666667,global_lstm,rrmpg_gr4j,False
54038,4,-0.3333333333333334,0.75,global_lstm,rrmpg_gr4j,False
54044,5,0.6,0.23333333333333334,rrmpg_hbvedu,global_lstm,False
54048,4,-0.3333333333333334,0.75,rrmpg_hbvedu,global_lstm,False
54049,5,0.19999999999999998,0.8166666666666667,rrmpg_hbvedu,rrmpg_hbvedu,True
54052,4,0.6666666666666669,0.3333333333333333,rrmpg_hbvedu,global_lstm,False
54057,5,0.0,1.0,rrmpg_hbvedu,seasonal_climatology,False
54060,5,-0.19999999999999998,0.8166666666666667,global_lstm,global_lstm,True
54063,5,0.39999999999999997,0.48333333333333334,global_lstm,rrmpg_hbvedu,False
54080,5,0.0,1.0,rrmpg_hbvedu,rrmpg_gr4j,False
54095,5,0.19999999999999998,0.8166666666666667,rrmpg_hbvedu,rrmpg_hbvedu,True
54096,5,0.7999999999999999,0.08333333333333333,global_lstm,global_lstm,True
55002,4,0.3333333333333334,0.75,rrmpg_hbvedu,rrmpg_hbvedu,True
55007,4,0.3333333333333334,0.75,global_lstm,rrmpg_gr4j,False
55008,5,0.19999999999999998,0.8166666666666667,global_lstm,rrmpg_hbvedu,False
55013,4,-1.0,0.08333333333333333,rrmpg_hbvedu,seasonal_ar1_null,False
55014,5,0.19999999999999998,0.8166666666666667,rrmpg_hbvedu,seasonal_climatology,False
55016,5,0.0,1.0,global_lstm,global_lstm,True
55018,4,0.3333333333333334,0.75,global_lstm,global_lstm,True
55021,4,0.6666666666666669,0.3333333333333333,rrmpg_hbvedu,rrmpg_hbvedu,True
55023,4,0.3333333333333334,0.75,rrmpg_gr4j,rrmpg_hbvedu,False
55025,4,-0.3333333333333334,0.75,global_lstm,seasonal_ar1_null,False
55026,4,1.0,0.08333333333333333,global_lstm,global_lstm,True
55029,4,0.3333333333333334,0.75,global_lstm,global_lstm,True
55032,5,0.39999999999999997,0.48333333333333334,global_lstm,rrmpg_hbvedu,False
56001,4,0.0,1.0,global_lstm,global_lstm,True
56002,4,0.3333333333333334,0.75,rrmpg_gr4j,global_lstm,False
56007,5,0.19999999999999998,0.8166666666666667,global_lstm,seasonal_climatology,False
56012,4,-1.0,0.08333333333333333,rrmpg_hbvedu,seasonal_ar1_null,False
56013,5,0.39999999999999997,0.48333333333333334,global_lstm,global_lstm,True
57004,5,0.39999999999999997,0.48333333333333334,global_lstm,rrmpg_gr4j,False
57005,5,0.39999999999999997,0.48333333333333334,global_lstm,global_lstm,True
57007,4,0.6666666666666669,0.3333333333333333,global_lstm,rrmpg_gr4j,False
57008,4,0.3333333333333334,0.75,global_lstm,global_lstm,True
57009,5,0.39999999999999997,0.48333333333333334,global_lstm,global_lstm,True
58001,4,0.3333333333333334,0.75,global_lstm,global_lstm,True
58002,5,0.6,0.23333333333333334,global_lstm,rrmpg_gr4j,False
58006,4,1.0,0.08333333333333333,global_lstm,global_lstm,True
58008,4,0.3333333333333334,0.75,global_lstm,rrmpg_hbvedu,False
58009,4,0.3333333333333334,0.75,global_lstm,rrmpg_gr4j,False
58012,5,0.39999999999999997,0.48333333333333334,global_lstm,rrmpg_gr4j,False
59001,4,1.0,0.08333333333333333,global_lstm,global_lstm,True
60002,4,0.0,1.0,rrmpg_hbvedu,global_lstm,False
60003,4,0.3333333333333334,0.75,rrmpg_hbvedu,global_lstm,False
60005,4,0.6666666666666669,0.3333333333333333,global_lstm,global_lstm,True
60006,5,-0.19999999999999998,0.8166666666666667,global_lstm,global_lstm,True
60010,4,0.3333333333333334,0.75,rrmpg_hbvedu,rrmpg_hbvedu,True
60012,4,1.0,0.08333333333333333,global_lstm,global_lstm,True
6007,4,0.0,1.0,rrmpg_gr4j,seasonal_ar1_null,False
61001,5,-0.7999999999999999,0.08333333333333333,rrmpg_hbvedu,seasonal_ar1_null,False
61002,4,0.6666666666666669,0.3333333333333333,global_lstm,rrmpg_hbvedu,False
62001,4,-0.3333333333333334,0.75,rrmpg_hbvedu,seasonal_ar1_null,False
63001,4,-1.0,0.08333333333333333,global_lstm,seasonal_ar1_null,False
64001,4,-0.3333333333333334,0.75,global_lstm,rrmpg_gr4j,False
64006,5,0.0,1.0,global_lstm,global_lstm,True
65001,4,0.6666666666666669,0.3333333333333333,global_lstm,global_lstm,True
65004,5,-0.19999999999999998,0.8166666666666667,global_lstm,seasonal_ar1_null,False
65005,4,1.0,0.08333333333333333,global_lstm,global_lstm,True
65006,5,-0.7999999999999999,0.08333333333333333,rrmpg_gr4j,seasonal_ar1_null,False
65007,4,0.6666666666666669,0.3333333333333333,global_lstm,global_lstm,True
66001,5,-0.19999999999999998,0.8166666666666667,rrmpg_gr4j,seasonal_climatology,False
66004,4,0.3333333333333334,0.75,rrmpg_hbvedu,rrmpg_hbvedu,True
67001,4,-0.3333333333333334,0.75,rrmpg_hbvedu,seasonal_ar1_null,False
67005,4,0.0,1.0,rrmpg_hbvedu,seasonal_ar1_null,False
67006,4,1.0,0.08333333333333333,global_lstm,global_lstm,True
67008,5,0.39999999999999997,0.48333333333333334,rrmpg_hbvedu,rrmpg_hbvedu,True
67010,4,0.6666666666666669,0.3333333333333333,global_lstm,global_lstm,True
67015,4,-0.3333333333333334,0.75,rrmpg_hbvedu,seasonal_ar1_null,False
67025,4,-0.3333333333333334,0.75,global_lstm,seasonal_ar1_null,False
68001,4,0.3333333333333334,0.75,rrmpg_hbvedu,rrmpg_hbvedu,True
68003,4,-0.3333333333333334,0.75,rrmpg_hbvedu,rrmpg_gr4j,False
68004,5,0.7999999999999999,0.08333333333333333,global_lstm,rrmpg_hbvedu,False
68005,4,0.3333333333333334,0.75,rrmpg_hbvedu,rrmpg_gr4j,False
68020,5,0.19999999999999998,0.8166666666666667,global_lstm,rrmpg_hbvedu,False
69002,5,0.6,0.23333333333333334,global_lstm,rrmpg_gr4j,False
69012,5,0.0,1.0,rrmpg_hbvedu,global_lstm,False
69015,4,0.3333333333333334,0.75,global_lstm,rrmpg_gr4j,False
69023,5,0.7999999999999999,0.08333333333333333,global_lstm,global_lstm,True
69027,5,0.19999999999999998,0.8166666666666667,global_lstm,rrmpg_gr4j,False
69030,4,0.6666666666666669,0.3333333333333333,rrmpg_hbvedu,rrmpg_hbvedu,True
69032,4,0.6666666666666669,0.3333333333333333,rrmpg_hbvedu,global_lstm,False
70002,5,-0.39999999999999997,0.48333333333333334,rrmpg_hbvedu,global_lstm,False
7003,5,0.0,1.0,global_lstm,rrmpg_hbvedu,False
7005,5,-0.6,0.23333333333333334,global_lstm,seasonal_ar1_null,False
7006,4,0.0,1.0,global_lstm,global_lstm,True
71001,4,0.3333333333333334,0.75,global_lstm,rrmpg_gr4j,False
71004,5,0.7999999999999999,0.08333333333333333,global_lstm,global_lstm,True
71006,4,0.3333333333333334,0.75,global_lstm,global_lstm,True
71008,5,0.9999999999999999,0.016666666666666666,global_lstm,global_lstm,True
71014,5,0.0,1.0,global_lstm,global_lstm,True
72002,5,0.39999999999999997,0.48333333333333334,global_lstm,rrmpg_gr4j,False
72004,5,0.7999999999999999,0.08333333333333333,global_lstm,global_lstm,True
72005,4,0.3333333333333334,0.75,global_lstm,rrmpg_gr4j,False
72007,5,0.6,0.23333333333333334,global_lstm,global_lstm,True
72009,5,0.39999999999999997,0.48333333333333334,global_lstm,rrmpg_gr4j,False
72014,4,0.6666666666666669,0.3333333333333333,global_lstm,global_lstm,True
72015,5,0.6,0.23333333333333334,global_lstm,rrmpg_gr4j,False
73005,5,0.6,0.23333333333333334,global_lstm,rrmpg_gr4j,False
73009,4,0.3333333333333334,0.75,global_lstm,rrmpg_hbvedu,False
73010,5,-0.39999999999999997,0.48333333333333334,rrmpg_hbvedu,seasonal_climatology,False
73011,5,0.7999999999999999,0.08333333333333333,global_lstm,global_lstm,True
73015,5,0.39999999999999997,0.48333333333333334,global_lstm,rrmpg_gr4j,False
75003,4,-0.6666666666666669,0.3333333333333333,rrmpg_gr4j,seasonal_ar1_null,False
75004,4,-0.3333333333333334,0.75,rrmpg_gr4j,seasonal_ar1_null,False
75017,5,0.7999999999999999,0.08333333333333333,global_lstm,global_lstm,True
76003,5,0.19999999999999998,0.8166666666666667,rrmpg_gr4j,rrmpg_gr4j,True
76005,4,0.6666666666666669,0.3333333333333333,global_lstm,global_lstm,True
76007,4,-0.3333333333333334,0.75,global_lstm,seasonal_ar1_null,False
76014,5,0.7999999999999999,0.08333333333333333,global_lstm,global_lstm,True
77002,4,0.6666666666666669,0.3333333333333333,global_lstm,global_lstm,True
77004,5,0.0,1.0,global_lstm,seasonal_climatology,False
78003,5,-0.39999999999999997,0.48333333333333334,global_lstm,rrmpg_gr4j,False
78004,4,1.0,0.08333333333333333,global_lstm,global_lstm,True
78006,4,0.3333333333333334,0.75,global_lstm,rrmpg_gr4j,False
79002,5,0.19999999999999998,0.8166666666666667,global_lstm,seasonal_climatology,False
79003,4,0.0,1.0,global_lstm,seasonal_ar1_null,False
79004,4,0.6666666666666669,0.3333333333333333,global_lstm,global_lstm,True
79005,4,0.3333333333333334,0.75,global_lstm,rrmpg_gr4j,False
79006,4,0.0,1.0,global_lstm,rrmpg_gr4j,False
80002,4,-0.3333333333333334,0.75,rrmpg_hbvedu,seasonal_ar1_null,False
80006,4,-0.6666666666666669,0.3333333333333333,rrmpg_gr4j,seasonal_ar1_null,False
8005,4,-0.6666666666666669,0.3333333333333333,rrmpg_hbvedu,seasonal_ar1_null,False
8011,4,0.0,1.0,global_lstm,rrmpg_gr4j,False
81002,5,-0.19999999999999998,0.8166666666666667,global_lstm,rrmpg_gr4j,False
81004,4,-1.0,0.08333333333333333,rrmpg_hbvedu,seasonal_ar1_null,False
82001,4,-0.3333333333333334,0.75,global_lstm,rrmpg_gr4j,False
82003,4,-0.3333333333333334,0.75,global_lstm,seasonal_ar1_null,False
83006,4,0.0,1.0,global_lstm,seasonal_ar1_null,False
83007,4,0.0,1.0,global_lstm,global_lstm,True
83009,4,0.6666666666666669,0.3333333333333333,global_lstm,global_lstm,True
83010,4,0.3333333333333334,0.75,global_lstm,global_lstm,True
84004,4,-0.3333333333333334,0.75,global_lstm,rrmpg_gr4j,False
84005,5,-0.7999999999999999,0.08333333333333333,rrmpg_hbvedu,seasonal_ar1_null,False
84008,4,0.6666666666666669,0.3333333333333333,global_lstm,rrmpg_hbvedu,False
84009,4,0.6666666666666669,0.3333333333333333,global_lstm,rrmpg_hbvedu,False
84013,4,0.0,1.0,global_lstm,seasonal_ar1_null,False
84014,4,0.0,1.0,global_lstm,global_lstm,True
84017,4,-0.6666666666666669,0.3333333333333333,rrmpg_hbvedu,seasonal_ar1_null,False
84018,4,-0.3333333333333334,0.75,global_lstm,rrmpg_gr4j,False
84019,4,0.6666666666666669,0.3333333333333333,rrmpg_gr4j,rrmpg_gr4j,True
84026,5,-0.39999999999999997,0.48333333333333334,global_lstm,seasonal_ar1_null,False
84030,4,-0.3333333333333334,0.75,global_lstm,seasonal_ar1_null,False
85001,4,0.3333333333333334,0.75,rrmpg_hbvedu,seasonal_ar1_null,False
85002,4,0.3333333333333334,0.75,global_lstm,rrmpg_gr4j,False
85004,4,0.6666666666666669,0.3333333333333333,global_lstm,global_lstm,True
89007,4,0.6666666666666669,0.3333333333333333,global_lstm,global_lstm,True
9002,4,0.3333333333333334,0.75,global_lstm,rrmpg_gr4j,False
9003,4,0.6666666666666669,0.3333333333333333,global_lstm,global_lstm,True
9004,5,0.19999999999999998,0.8166666666666667,rrmpg_hbvedu,global_lstm,False
92001,4,-0.6666666666666669,0.3333333333333333,rrmpg_gr4j,seasonal_ar1_null,False
94001,4,-0.6666666666666669,0.3333333333333333,rrmpg_gr4j,seasonal_ar1_null,False
95001,5,-0.19999999999999998,0.8166666666666667,rrmpg_hbvedu,seasonal_ar1_null,False
96002,5,-0.9999999999999999,0.016666666666666666,rrmpg_hbvedu,seasonal_ar1_null,False
